configuration_id,population_size,generations,crossover_probability,crossover_eta,mutation_eta,mutation_probability_per_variable,reference_partitions,nominal_evaluations,stage,is_baseline,is_confirmed,run,seed,evaluations,front_size,hypervolume,igd_plus,spacing,runtime_seconds,maximum_efficiency_percent,maximum_power_kw_per_kg,compromise_engine_speed_rpm,compromise_ignition_timing_degrees,compromise_efficiency_percent,compromise_power_kw_per_kg,compromise_score
C01,12,41,0.9,20.0,20.0,0.25,11,504,screening,False,False,1,31000001,504,12,0.8354438044043964,0.011283508902414885,0.05351083268065659,15.861928401514888,37.19533392884253,25659.558891231845,4780.744852360715,-33.307202069782946,35.98619733374238,14336.73563827715,0.4031273702339989
C01,12,41,0.9,20.0,20.0,0.25,11,504,screening,False,False,2,31000002,504,11,0.8303877543042033,0.013214585476980874,0.12549183358600702,9.938127098605037,38.43158501999553,25645.666948921975,5648.728519004666,-36.24461877679444,35.077002915218266,16511.705560700266,0.4116429588328185
C01,12,41,0.9,20.0,20.0,0.25,11,504,screening,False,False,3,31000003,504,11,0.8058948031682878,0.017331614683320454,0.12838344136076751,9.368531800806522,38.42406737433397,24865.448006271534,5670.995667391382,-43.42175939082439,35.130296625570004,16601.979996481798,0.4061709945551884
C01,12,41,0.9,20.0,20.0,0.25,11,504,screening,False,False,4,31000004,504,11,0.8361660740278234,0.01364907721708385,0.0318806485820717,8.881209500133991,38.12031984355541,25569.130478846102,5359.500820353009,-41.363863009012775,35.41403432201268,15816.795500069715,0.40294162960592916
C01,12,41,0.9,20.0,20.0,0.25,11,504,screening,False,False,5,31000005,504,12,0.8366300646555158,0.009192653973834656,0.06910767659233726,10.460503900423646,37.976283974952594,25537.684747598152,5861.104477980817,-42.08257238995003,34.99903768209195,17094.418040294044,0.40630583360721273
C01,12,41,0.9,20.0,20.0,0.25,11,504,screening,False,False,6,31000006,504,12,0.8327390076277795,0.01043769730385552,0.01329781305283479,11.131909999996424,36.55337685544941,25643.537559308133,5135.59571301905,-32.72934815271948,35.55106833515374,15214.6595112719,0.4073799756277154
C01,12,41,0.9,20.0,20.0,0.25,11,504,screening,False,False,7,31000007,504,10,0.8392380266719344,0.010497108411408659,0.07973593056109551,9.436779201030731,38.297828859361665,25658.498325042925,4859.695717865951,-34.68309993022794,35.92475073415198,14548.613109013339,0.4012800774685911
C02,24,20,0.7,30.0,10.0,0.25,23,504,screening,False,False,1,31000001,504,20,0.8331616307948488,0.009458260692700615,0.02008966044935463,9.252600898966193,36.485371068456104,25653.817570011524,5400.2298416781305,-39.77132039105729,35.42701587538281,15942.835694320593,0.39944721252889576
C02,24,20,0.7,30.0,10.0,0.25,23,504,screening,False,False,2,31000002,504,21,0.8439343715282615,0.006071597414352935,0.018020751961723064,9.497821800410748,38.41311632168355,25624.728703678844,5309.584105188712,-36.91699597191793,35.507127705389664,15710.673407120226,0.3992659770077927
C02,24,20,0.7,30.0,10.0,0.25,23,504,screening,False,False,3,31000003,504,22,0.8363031602832502,0.007027023321621561,0.013911594191830988,9.069329001009464,37.592423013810404,25441.738474985257,5272.336062744842,-36.912247538347344,35.545418850916995,15617.28280608833,0.39888675531592843
C02,24,20,0.7,30.0,10.0,0.25,23,504,screening,False,False,4,31000004,504,20,0.836251639315261,0.009375031607090738,0.044329198141153124,9.75152200087905,38.37195370052606,25478.596931031705,5009.970178229836,-37.46370835495104,35.77554664691732,14936.20181757718,0.4004347987040356
C02,24,20,0.7,30.0,10.0,0.25,23,504,screening,False,False,5,31000005,504,21,0.8432210398989576,0.006798105225345621,0.03453346765016855,9.06595710106194,38.048612702133426,25642.559394155654,5481.617081899102,-39.62559444271355,35.35749611853973,16151.354558047384,0.3996656249718525
C02,24,20,0.7,30.0,10.0,0.25,23,504,screening,False,False,6,31000006,504,24,0.8353614129684591,0.007403885939736037,0.018170580763759846,8.782843301072717,37.67918710229174,25435.134182446098,4978.565119970285,-32.99156149669459,35.76103470041592,14836.553334461474,0.40357048066054746
C02,24,20,0.7,30.0,10.0,0.25,23,504,screening,False,False,7,31000007,504,23,0.8443215028706758,0.005098150633401379,0.03763188413494718,8.907576899975538,38.310913895639445,25607.488904585378,5148.117635357843,-34.14695577575404,35.60712521969553,15275.805773992472,0.4026208945247684
C03,56,8,0.7,30.0,10.0,0.5,55,504,screening,False,False,1,31000001,504,53,0.8479534662044073,0.002961910525472142,0.01849582100192321,9.579954700544477,38.31628439928467,25637.425295335368,5007.349087940653,-36.219362847867444,35.79290916035273,14935.63258656957,0.3994581112205151
C03,56,8,0.7,30.0,10.0,0.5,55,504,screening,False,False,2,31000002,504,49,0.8377675765722694,0.0036838392887763925,0.016337006182920496,9.12357689999044,38.42340939471518,25308.400326132196,5696.1238497773065,-39.91355424072229,35.14994423878386,16684.869641406593,0.4031986423053408
C03,56,8,0.7,30.0,10.0,0.5,55,504,screening,False,False,3,31000003,504,54,0.8462973174365372,0.003427712920931973,0.028756962264776014,9.02738219872117,38.431357016230386,25644.899903522284,5374.905400211427,-37.76239611126503,35.45234230245114,15879.41550763239,0.39915110352437155
C03,56,8,0.7,30.0,10.0,0.5,55,504,screening,False,False,4,31000004,504,52,0.8445824298965764,0.002835415413823009,0.012037385795203021,8.718633400276303,38.31317202451426,25501.162698778793,5148.987598847398,-38.32173355867843,35.65246518896633,15297.841760527184,0.39940002485708953
C03,56,8,0.7,30.0,10.0,0.5,55,504,screening,False,False,5,31000005,504,51,0.8480125379745191,0.0030462237996267544,0.015909053616340683,9.418254099786282,38.39208389033473,25633.01241238171,5153.75786424507,-34.79058695770341,35.62420847708594,15299.878716357296,0.4010529233887564
C03,56,8,0.7,30.0,10.0,0.5,55,504,screening,False,False,6,31000006,504,53,0.8478972502373492,0.003383727269024171,0.016338870945640484,8.482338899746537,38.39906997218549,25643.615276104527,5204.120304039447,-38.69294138012482,35.6025856123129,15440.011555111683,0.3992504605563284
C03,56,8,0.7,30.0,10.0,0.5,55,504,screening,False,False,7,31000007,504,54,0.8409356393101101,0.003503759678254571,0.020662394578790235,8.558019498363137,38.39330123788699,25399.180127943397,5417.833753830124,-38.976200791248814,35.417412423652515,15990.471041848914,0.39907109546307123
C04,24,20,0.9,10.0,20.0,0.5,23,504,screening,False,False,1,31000001,504,23,0.8432821842420088,0.005606526629697014,0.025304227253190086,9.48801390081644,38.030314618897364,25618.94204714797,5393.6726551423035,-38.87958542421157,35.439753970092895,15929.20265778841,0.3989102784910988
C04,24,20,0.9,10.0,20.0,0.5,23,504,screening,False,False,2,31000002,504,23,0.8466663800194169,0.0050972370957567785,0.015934493566645315,9.546175099909306,38.42157998877928,25660.74287435583,5321.567887629961,-40.574192383309764,35.46790441697394,15728.738432241447,0.4013625889222838
C04,24,20,0.9,10.0,20.0,0.5,23,504,screening,False,False,3,31000003,504,24,0.8370929094098007,0.005098440587455809,0.03240898196735292,9.7368554007262,37.926178775232394,25387.584314241063,5002.222750346631,-38.20368610227956,35.76095295117598,14907.021035537331,0.4019441520662044
C04,24,20,0.9,10.0,20.0,0.5,23,504,screening,False,False,4,31000004,504,22,0.8446555027228168,0.004652295510390945,0.035628216774422086,8.788142699748278,38.236802388091284,25611.447882123248,5366.906292833534,-38.923781648052966,35.46373302286499,15860.877660648546,0.3988131059264345
C04,24,20,0.9,10.0,20.0,0.5,23,504,screening,False,False,5,31000005,504,23,0.8422259028805962,0.004574526317239818,0.034978866809717714,15.90867130085826,38.21006535719464,25529.39963392605,5591.894688256808,-39.36075894609384,35.250456039012015,16426.403156931785,0.40130185440056687
C04,24,20,0.9,10.0,20.0,0.5,23,504,screening,False,False,6,31000006,504,23,0.8270109983501417,0.007376659301399713,0.019233334774686774,8.400803700089455,38.42294380346347,25011.158488833837,5417.368926618302,-40.18102773224669,35.40657216658601,15984.205321110956,0.39990784116503475
C04,24,20,0.9,10.0,20.0,0.5,23,504,screening,False,False,7,31000007,504,24,0.8442249371609227,0.005169467107231752,0.03526465407472032,8.78116000071168,38.4116379640509,25654.527447277975,5045.615905277577,-37.292107754163055,35.751134698639866,15032.207822264867,0.39962329232141874
C05,12,41,0.9,10.0,40.0,0.25,11,504,screening,False,False,1,31000001,504,10,0.8281675637247107,0.01968406043642463,0.046563774361924284,11.11202609911561,37.03688809217946,25668.288662020324,5159.7918416601315,-35.66044494304492,35.640590141350785,15324.835520274524,0.39950878368347187
C05,12,41,0.9,10.0,40.0,0.25,11,504,screening,False,False,2,31000002,504,9,0.8094156342925068,0.021622031333811974,0.18407629306408366,11.714800599962473,38.430564137204236,25393.47655929384,5868.094169360456,-40.50734637686949,34.97600131924109,17103.53911741519,0.4078183080248634
C05,12,41,0.9,10.0,40.0,0.25,11,504,screening,False,False,3,31000003,504,11,0.8292194954644667,0.011715250667423377,0.058253606146111324,9.623842699453235,38.096811154859225,25317.29755676793,4968.6662529742125,-35.34180158563893,35.82693168016548,14834.338865570911,0.39989557660982994
C05,12,41,0.9,10.0,40.0,0.25,11,504,screening,False,False,4,31000004,504,12,0.8101443565878694,0.03715508373678004,0.06718628056619652,9.288233699277043,38.1945295062035,25279.022466589617,5197.257156192267,-35.94011238658901,35.60673706811173,15421.447419658343,0.399408292071209
C05,12,41,0.9,10.0,40.0,0.25,11,504,screening,False,False,5,31000005,504,12,0.8322002159150335,0.01118339019399499,0.02536977121418811,11.319079000502825,38.06598893005941,25389.55020231313,4760.5169470100755,-30.56291532924992,35.909616500807786,14245.694826060677,0.409361617071397
C05,12,41,0.9,10.0,40.0,0.25,11,504,screening,False,False,6,31000006,504,10,0.8027863675906382,0.015678713535896963,0.026531477582870947,9.59180710092187,36.83263196483226,24627.904695763365,5096.012751579115,-34.708213217421246,35.68631761580182,15154.827468919037,0.4006102067010462
C05,12,41,0.9,10.0,40.0,0.25,11,504,screening,False,False,7,31000007,504,11,0.8377758917844665,0.012487879537571802,0.07961885227989143,8.735188601538539,38.14924326853276,25666.121739134498,4949.402385649963,-34.70645398316334,35.83950107240773,14782.009342356603,0.4004188139635714
C06,36,13,1.0,20.0,20.0,0.25,35,504,screening,False,False,1,31000001,504,34,0.8427931749088413,0.005041801782122548,0.01167127282838583,9.284947000443935,37.64053976227262,25624.621012012245,5037.565947946427,-34.485028754502636,35.74409417991075,15005.269306742373,0.40064908914518577
C06,36,13,1.0,20.0,20.0,0.25,35,504,screening,False,False,2,31000002,504,35,0.8351656736791168,0.0046122687768214085,0.030173727189544603,8.920385399833322,38.40490096272377,25271.104320675408,5201.32101172242,-38.5646652692037,35.60707373205418,15433.651730706908,0.3991174914916183
C06,36,13,1.0,20.0,20.0,0.25,35,504,screening,False,False,3,31000003,504,34,0.8445386662959731,0.004730846473923831,0.014446324134209942,9.032787999138236,37.88385602608686,25609.944952903686,4840.3314297899915,-35.725407349325366,35.93623308552411,14495.27320601011,0.4019423155517063
C06,36,13,1.0,20.0,20.0,0.25,35,504,screening,False,False,4,31000004,504,35,0.8462713465462774,0.004453593624365272,0.01602009146368883,8.979431200772524,38.30673469280824,25621.721055863844,5334.4801381628085,-38.612276585713914,35.49412520899374,15778.55882907008,0.39863056967730015
C06,36,13,1.0,20.0,20.0,0.25,35,504,screening,False,False,5,31000005,504,36,0.8083152419614693,0.007762780284596961,0.00918979857714646,9.421337600797415,38.19252901285045,24330.89190602868,4691.110723829332,-35.98317312834719,36.03563276513662,14087.261942042336,0.40667586486150054
C06,36,13,1.0,20.0,20.0,0.25,35,504,screening,False,False,6,31000006,504,35,0.823770302946313,0.0060257108329005845,0.01881440426984793,8.989782098680735,37.69909176528973,24921.187227983723,5242.654912754313,-37.05388814841824,35.576629775685376,15542.999406061524,0.3985744261690299
C06,36,13,1.0,20.0,20.0,0.25,35,504,screening,False,False,7,31000007,504,35,0.8216337808887539,0.00692450261207187,0.02099030743017606,8.533573200926185,38.12000881687656,24812.953074084653,5098.588672866858,-38.78642028122454,35.67757681568708,15158.774085649951,0.4010372729399207
C07,36,13,1.0,30.0,40.0,1.0,35,504,screening,False,False,1,31000001,504,36,0.8364661356165976,0.006952663084332281,0.010623912822160672,9.629727099090815,36.584587345637935,25675.264258372154,5303.4436799710575,-40.25756525075505,35.49050924452385,15685.159745985367,0.4008641881578681
C07,36,13,1.0,30.0,40.0,1.0,35,504,screening,False,False,2,31000002,504,36,0.8471227262851404,0.003883513743392522,0.01930829877845969,9.653120199218392,38.3844542820243,25644.203197917683,4774.686902760244,-31.94835922944351,35.956667112593365,14306.818960784129,0.4054002975434868
C07,36,13,1.0,30.0,40.0,1.0,35,504,screening,False,False,3,31000003,504,36,0.8463476048351694,0.0037790199340099776,0.01175301049063246,9.130735399201512,38.27193422381202,25602.231739403873,5160.772291835561,-38.535085163222874,35.63916433293739,15327.134316133124,0.3995432079510172
C07,36,13,1.0,30.0,40.0,1.0,35,504,screening,False,False,4,31000004,504,36,0.8460206154051935,0.0037373324137369287,0.025001327848682465,10.066363200545311,38.12786049883598,25630.465835351566,5440.552692469109,-39.455368477681645,35.395261248456976,16047.48199049501,0.39932680894403283
C07,36,13,1.0,30.0,40.0,1.0,35,504,screening,False,False,5,31000005,504,36,0.8478872828433048,0.00368495760217767,0.011236117198583022,9.106595600023866,38.229645343042264,25660.830179529883,5199.054890024076,-38.44299559703268,35.610863441461476,15428.569476109153,0.3989992063108313
C07,36,13,1.0,30.0,40.0,1.0,35,504,screening,False,False,6,31000006,504,36,0.8420618407194633,0.00423704748041848,0.011577287581942503,9.425032699480653,38.03544663866643,25481.719274633822,5531.10295140454,-41.84844052361555,35.2804311101562,16261.641386684127,0.4025690630012328
C07,36,13,1.0,30.0,40.0,1.0,35,504,screening,False,False,7,31000007,504,36,0.8472162751149194,0.0038078737302233265,0.02244658387715703,9.01351309940219,38.12375050602089,25659.246881728937,4769.7757336537115,-33.98614690922062,36.00398975158601,14310.913052652657,0.4028283538830019
C08,24,20,1.0,20.0,40.0,0.25,23,504,screening,False,False,1,31000001,504,23,0.8378394578243141,0.008145327917464097,0.011930129831917055,9.533704800531268,36.99562513791401,25669.595577985478,5456.117112909004,-38.88988027787741,35.381208649493,16087.001498991902,0.3994286273963444
C08,24,20,1.0,20.0,40.0,0.25,23,504,screening,False,False,2,31000002,504,24,0.8404750048682588,0.0068413311193291915,0.04254262807464972,9.217786699533463,38.43109574799527,25631.64597630175,5481.486505446872,-40.410160563435525,35.35049759114422,16147.772958890768,0.40020301943235254
C08,24,20,1.0,20.0,40.0,0.25,23,504,screening,False,False,3,31000003,504,23,0.8284795346381961,0.007626486759626819,0.026766933320883386,9.665271900594234,37.49135100579357,25192.282463744723,4813.654079632497,-34.507477875937624,35.96598689321605,14427.318294711531,0.4019965895894958
C08,24,20,1.0,20.0,40.0,0.25,23,504,screening,False,False,4,31000004,504,23,0.8171155638696548,0.014628821869794915,0.02459030871997392,8.29990530014038,38.33673440942385,24829.918002942162,5134.793470748405,-38.81636698136086,35.65147983045937,15255.2488213301,0.4004146685596126
C08,24,20,1.0,20.0,40.0,0.25,23,504,screening,False,False,5,31000005,504,24,0.8149468984876496,0.00716081445450068,0.03567986517555424,8.770794101059437,38.08525593542378,24617.356068266196,6015.289946864431,-43.45523940900307,34.85021939650011,17469.514531815574,0.4106568151509313
C08,24,20,1.0,20.0,40.0,0.25,23,504,screening,False,False,6,31000006,504,23,0.8326088944914609,0.009900864280545124,0.0261876785559653,8.891618799418211,37.780175418533105,25373.918371797692,4585.5994678996585,-28.339414510515766,35.995972190291496,13755.259243527631,0.41685763713694934
C08,24,20,1.0,20.0,40.0,0.25,23,504,screening,False,False,7,31000007,504,22,0.8427892412335377,0.00584462536300237,0.04086944628030223,8.589847400784492,38.24835224466209,25578.56003880171,5427.506603866403,-40.15472657258252,35.39882279685835,16010.612041587103,0.39986187999192185
C09,56,8,1.0,30.0,10.0,1.0,55,504,screening,False,True,1,31000001,504,56,0.8449015713067466,0.0029958500290309066,0.011565749548132812,9.998800698667765,38.390889974683176,25552.94296337065,5422.857141107626,-39.302818046842745,35.411877392051125,16002.796016292683,0.39917351351637853
C09,56,8,1.0,30.0,10.0,1.0,55,504,screening,False,True,2,31000002,504,56,0.8483881189255895,0.002844454769604459,0.02246158844812083,8.928808100521564,38.349470255148084,25670.17886146173,5306.251583004514,-35.60452698775694,35.4761965654607,15687.13534870459,0.4017273314824595
C09,56,8,1.0,30.0,10.0,1.0,55,504,screening,False,True,3,31000003,504,56,0.847545370614933,0.002574911067601678,0.00678755330954219,9.045309700071812,38.17318231632109,25609.08703448443,5388.111614229226,-37.65676893534777,35.43748727916321,15911.761398996645,0.3994244225760596
C09,56,8,1.0,30.0,10.0,1.0,55,504,screening,False,True,4,31000004,504,56,0.8488402018959688,0.0031189298776956483,0.009778024840729054,8.5791817009449,38.41238753004295,25672.910048103757,5402.612657684016,-39.23957784892433,35.43025002778709,15951.326438752665,0.3990592092376615
C09,56,8,1.0,30.0,10.0,1.0,55,504,screening,False,True,5,31000005,504,56,0.8424109733453524,0.0025163738981531995,0.007259724954911107,8.340677000582218,38.406460685387074,25404.11865518663,5044.235521774637,-35.202864691199,35.751785356504094,15028.368805178357,0.39967394297395703
C09,56,8,1.0,30.0,10.0,1.0,55,504,screening,False,True,6,31000006,504,56,0.8491531932174283,0.0031431041435161958,0.008080735190455208,9.366152999922633,38.399450853631976,25654.22080474766,5040.944408493398,-37.023791427737876,35.7584595373276,15021.367221752416,0.3994499193110014
C09,56,8,1.0,30.0,10.0,1.0,55,504,screening,False,True,7,31000007,504,56,0.8463277459601956,0.0030291641550800213,0.01131886953986383,9.231062499806285,38.35089063949032,25568.93314508852,5141.467153476026,-38.33338616180974,35.658037237354975,15277.885601107138,0.39951425524652984
C09,56,8,1.0,30.0,10.0,1.0,55,504,confirmation,False,True,8,31000008,504,56,0.8490157776208305,0.0028510376196953604,0.01153884526386936,8.046986998990178,38.38011424345693,25655.234064115815,5122.993344279014,-36.015058107992616,35.68394423734515,15234.050735461895,0.3989585180871086
C09,56,8,1.0,30.0,10.0,1.0,55,504,confirmation,False,True,9,31000009,504,56,0.8480750864641622,0.0033852391422671203,0.010851092232720549,8.730271799489856,38.36632061544605,25637.125161030024,5222.299108060651,-38.00503005847261,35.59634230839877,15491.228890614377,0.39850105419068227
C09,56,8,1.0,30.0,10.0,1.0,55,504,confirmation,False,True,10,31000010,504,56,0.8489861120546153,0.0027506972552251876,0.01385688576388554,9.07015180028975,38.4042971962898,25658.802497909623,4943.380894804982,-35.890659327882275,35.849801290045335,14768.268564980426,0.4001683152328922
C09,56,8,1.0,30.0,10.0,1.0,55,504,confirmation,False,True,11,31000011,504,56,0.8454471303447392,0.002582916288696543,0.012707976273962814,7.768942199647427,38.42599127330081,25529.46139188327,5346.194729853109,-38.172311443512655,35.483526277209656,15808.486764985213,0.39866424942969964
C09,56,8,1.0,30.0,10.0,1.0,55,504,confirmation,False,True,12,31000012,504,56,0.8490514725477059,0.0031239374813650136,0.011444775031456139,8.271777199581265,38.319138280019146,25664.708269546718,5422.051825545244,-36.874232760406386,35.3839340700545,15987.79369329263,0.40131057216224036
C09,56,8,1.0,30.0,10.0,1.0,55,504,confirmation,False,True,13,31000013,504,56,0.848476359117325,0.0031007347640516453,0.007740681533943022,8.275322999805212,38.41462330725046,25646.711493957853,5128.609719211698,-36.46640425432108,35.68241213128575,15250.097138452458,0.3986872441600948
C09,56,8,1.0,30.0,10.0,1.0,55,504,confirmation,False,True,14,31000014,504,56,0.8494132454381016,0.0024578134912095107,0.012555399224573955,8.783464599400759,38.41041644303965,25666.43787416612,5032.941040668274,-37.13757546553124,35.76350195039607,14999.633060347349,0.399660199697019
C09,56,8,1.0,30.0,10.0,1.0,55,504,confirmation,False,True,15,31000015,504,56,0.8467453968303921,0.0031272584222444425,0.011595857150422826,8.59612499922514,38.30143877720037,25600.852407393875,5023.546439038586,-34.496447998666994,35.75942491630136,14969.927641696117,0.400579371176605
C09,56,8,1.0,30.0,10.0,1.0,55,504,confirmation,False,True,16,31000016,504,56,0.8467156039857779,0.0030569929173157318,0.016055510794848075,8.368202399462461,38.41655471428426,25585.91580005357,5265.333718112227,-39.37750104752887,35.541468291783616,15594.80761566207,0.39962196986650583
C09,56,8,1.0,30.0,10.0,1.0,55,504,confirmation,False,True,17,31000017,504,56,0.8480915330790627,0.0029159171817969495,0.014607390155471658,8.324008600786328,38.41906495459162,25622.394668922345,5151.553504800976,-37.2089544028494,35.662398835371306,15309.729642497276,0.39853848243082435
C09,56,8,1.0,30.0,10.0,1.0,55,504,confirmation,False,True,18,31000018,504,56,0.8465390228895734,0.002666674451634964,0.013532543696288906,8.298274900764227,38.3630767274631,25559.451792866257,5196.2336273619285,-36.594945673709205,35.61788166891493,15423.236205284482,0.39869052042570424
C09,56,8,1.0,30.0,10.0,1.0,55,504,confirmation,False,True,19,31000019,504,56,0.8454480886279878,0.003423888472386813,0.018062075700961987,9.338297098875046,38.42500007128456,25590.66808834561,5232.485392005883,-39.06289873444163,35.57331722904653,15511.405228848098,0.39947198885211416
C09,56,8,1.0,30.0,10.0,1.0,55,504,confirmation,False,True,20,31000020,504,56,0.8488068205559688,0.0027436012348316294,0.009615927666119609,8.550327399745584,38.408849715538075,25645.178277635932,5194.587070160685,-35.697125011079834,35.60429534127953,15412.467685166079,0.39975594218737376
C09,56,8,1.0,30.0,10.0,1.0,55,504,confirmation,False,True,21,31000021,504,56,0.8474378486020611,0.002655105100492192,0.010113100779042155,8.46975520066917,38.37407310093698,25609.028798990366,5084.308007873409,-37.66901773029396,35.714577233480924,15131.992585500037,0.3994672501627731
C10,36,13,0.9,20.0,10.0,0.5,35,504,screening,False,False,1,31000001,504,35,0.8421946360086241,0.0043537663506659175,0.011996322831825557,9.63512639887631,37.5052802616126,25596.180212416395,5210.057824963695,-38.13924747302123,35.605679321269804,15458.970680077478,0.39864230499968534
C10,36,13,0.9,20.0,10.0,0.5,35,504,screening,False,False,2,31000002,504,33,0.8448264499308693,0.004123625148144622,0.02976698825560601,9.19298430159688,38.42882468531454,25575.53078780188,5369.698737037547,-39.416231630992684,35.45709871779551,15866.161516996846,0.3991264680912444
C10,36,13,0.9,20.0,10.0,0.5,35,504,screening,False,False,3,31000003,504,32,0.8446669340205263,0.004342588615552739,0.016754128624020433,9.120273999869823,38.403647065605135,25565.28915182992,5410.808489379234,-37.1746482198855,35.404241341188495,15963.79746741116,0.4004864970189685
C10,36,13,0.9,20.0,10.0,0.5,35,504,screening,False,False,4,31000004,504,35,0.8463023750643989,0.005186231155573611,0.028441393862988402,9.295602200552821,38.39576449552894,25671.821787840163,5303.223615703102,-38.10454405178825,35.52359073964772,15699.128777089321,0.3984783831986909
C10,36,13,0.9,20.0,10.0,0.5,35,504,screening,False,False,5,31000005,504,36,0.8452000671929621,0.004464540434630028,0.016726078189769678,9.631811801344156,37.75604148108626,25652.85376446546,5244.250334267956,-38.299912827453554,35.575115185143666,15547.067475109227,0.3985786692654795
C10,36,13,0.9,20.0,10.0,0.5,35,504,screening,False,False,6,31000006,504,35,0.8093587981219063,0.007015175243526449,0.0239076047991299,10.363138498738408,38.370510541947965,24361.12684381048,4542.160962966222,-31.673261841305646,36.19464152555299,13700.157317160247,0.4085458650292598
C10,36,13,0.9,20.0,10.0,0.5,35,504,screening,False,False,7,31000007,504,35,0.8468218318895366,0.004088144746142021,0.03398704685584154,8.153703199699521,38.39415435604715,25652.610164274483,5214.667159693794,-38.023789033276785,35.60278925934225,15471.391328682581,0.3985443323177339
C11,12,41,0.7,10.0,40.0,1.0,11,504,screening,False,False,1,31000001,504,12,0.8390533643695782,0.010265421455874354,0.07573381786396649,10.619508000090718,37.9745783887795,25674.280166938504,5498.509130401779,-39.98234987124856,35.34045705540682,16193.318815977196,0.3999363278990345
C11,12,41,0.7,10.0,40.0,1.0,11,504,screening,False,False,2,31000002,504,12,0.8222173327108068,0.01657460658741588,0.15197701804437522,9.89236420020461,38.42529365920909,25674.402128975456,5633.413973106836,-42.22927709580249,35.193716689131676,16521.73128017647,0.4033184891420281
C11,12,41,0.7,10.0,40.0,1.0,11,504,screening,False,False,3,31000003,504,12,0.836160621321637,0.010360425493603519,0.0973320808014626,9.39061320014298,38.191507290103274,25662.99462055801,4988.712332143012,-35.66720794033239,35.80973003922335,14887.036821448799,0.39963399847326053
C11,12,41,0.7,10.0,40.0,1.0,11,504,screening,False,False,4,31000004,504,12,0.8382420104651138,0.012170182091604158,0.05280573387917271,9.788459200412035,38.4263044970379,25671.43195860698,5705.574792777028,-47.333603756358414,34.876445398647355,16582.51397734889,0.42457892609246584
C11,12,41,0.7,10.0,40.0,1.0,11,504,screening,False,False,5,31000005,504,12,0.8396524646756472,0.008497038831942706,0.08166793777952078,10.374316301196814,38.33371590756819,25664.866716839657,4774.773427818051,-30.588621599573372,35.89300646057799,14281.74779103912,0.40937873982917916
C11,12,41,0.7,10.0,40.0,1.0,11,504,screening,False,False,6,31000006,504,12,0.8403435320669589,0.008604882322696265,0.06678329503224695,10.105723798274994,38.03307379650493,25670.931635480792,5121.650970624579,-37.703393051033046,35.684093904865065,15230.122848642566,0.3990383498571336
C11,12,41,0.7,10.0,40.0,1.0,11,504,screening,False,False,7,31000007,504,12,0.8393269089540514,0.009440268199003097,0.03317169734610045,9.209160899743438,38.41971436790567,25673.819981933095,5683.935159229726,-44.08601080185211,35.09514605511675,16623.211215081705,0.40823027661942035
C12,24,20,0.9,20.0,20.0,0.5,23,504,screening,True,True,1,31000001,504,24,0.8422583863725148,0.00505433245115649,0.023441543520094872,9.877383099868894,37.481359925837694,25628.350743923067,5399.891627516169,-37.0583130447434,35.41343003824745,15935.723697096835,0.4004774975922258
C12,24,20,0.9,20.0,20.0,0.5,23,504,screening,True,True,2,31000002,504,23,0.8375831470623787,0.006730955575185195,0.037039812851467895,9.002277299761772,38.43086896504824,25473.153174117026,5466.010019453262,-39.837628537412414,35.3701712055003,16111.142516586826,0.3996563635142861
C12,24,20,0.9,20.0,20.0,0.5,23,504,screening,True,True,3,31000003,504,23,0.8425555419835495,0.005886613247290719,0.02131933148140849,8.6040241997689,38.276603826383344,25532.79079610346,4896.9701787228005,-34.38171191438991,35.88691279978436,14644.7618155808,0.4010409577198931
C12,24,20,0.9,20.0,20.0,0.5,23,504,screening,True,True,4,31000004,504,23,0.8415834468408071,0.004858184586913321,0.00922350771781919,8.496872998774052,38.07241819005816,25478.726263636843,5141.2983429459055,-36.13773945226775,35.66721580907366,15281.316461390366,0.39888884213222253
C12,24,20,0.9,20.0,20.0,0.5,23,504,screening,True,True,5,31000005,504,24,0.8444651452238857,0.004461001419190664,0.02024530694469081,9.126853600144386,38.019310460813315,25598.929639311238,5035.809421281915,-36.09758328623208,35.76753122639535,15009.872560489732,0.3991925266501812
C12,24,20,0.9,20.0,20.0,0.5,23,504,screening,True,True,6,31000006,504,22,0.8215226959771429,0.006475463661906582,0.04288492144855542,8.458357099443674,38.317488118018765,24825.233150796852,4997.974130270648,-34.69559385815177,35.790393629265736,14906.621789272795,0.40027438462934073
C12,24,20,0.9,20.0,20.0,0.5,23,504,screening,True,True,7,31000007,504,24,0.8440595496137362,0.005254411945186954,0.023476771463028748,8.608271699398756,38.284861266538044,25612.47525607252,5159.233894751185,-35.668214145284495,35.64133691947961,15323.4994574355,0.39949372703967867
C12,24,20,0.9,20.0,20.0,0.5,23,504,confirmation,True,True,8,31000008,504,23,0.8456300777230197,0.004647344167142211,0.033565978794009146,8.928591499105096,38.39942086601744,25665.342578173695,5084.731848254046,-38.006784291778885,35.70790628592208,15130.427360541573,0.39989393935829715
C12,24,20,0.9,20.0,20.0,0.5,23,504,confirmation,True,True,9,31000009,504,23,0.833899166710001,0.005053992614359235,0.03924991859894926,8.912965200841427,38.37246538573859,25241.137212428486,5188.347713089225,-38.25095031982782,35.62235283323378,15401.762738097164,0.39889587190356174
C12,24,20,0.9,20.0,20.0,0.5,23,504,confirmation,True,True,10,31000010,504,23,0.8433263128131163,0.006938444737916471,0.012505248218419121,9.51815789937973,38.073681880979635,25626.851498225915,5709.917606006351,-47.572630490782885,34.85467140050511,16584.775156775842,0.4261090771666001
C12,24,20,0.9,20.0,20.0,0.5,23,504,confirmation,True,True,11,31000011,504,24,0.8394587296780678,0.005700123770960503,0.01460655793792393,8.317382300272584,38.42672828084517,25479.057546993405,4999.612705946166,-35.38105176385699,35.797876023386486,14914.626317700722,0.39966352647287057
C12,24,20,0.9,20.0,20.0,0.5,23,504,confirmation,True,True,12,31000012,504,24,0.8274149309258545,0.011303699536959684,0.010594741744500794,9.837344801053405,35.88588444912337,25661.9015014498,5406.1093716775695,-40.911804084015216,35.39807539049617,15947.155592325871,0.4012361079831416
C12,24,20,0.9,20.0,20.0,0.5,23,504,confirmation,True,True,13,31000013,504,23,0.8464082146033662,0.00505377093239023,0.03941786919674722,8.294131798669696,38.292416693281226,25674.232879708063,5199.1733744326975,-37.16330448735357,35.61888870621486,15432.398149019486,0.39842604005077137
C12,24,20,0.9,20.0,20.0,0.5,23,504,confirmation,True,True,14,31000014,504,23,0.8451779937194448,0.004739908558923013,0.01911467495730225,9.426016001030803,37.90972322337949,25638.916669312086,5425.593691151388,-40.40134047754337,35.3958814002167,16003.639234813207,0.4001994268263915
C12,24,20,0.9,20.0,20.0,0.5,23,504,confirmation,True,True,15,31000015,504,24,0.8457168424304212,0.004502271143495737,0.04708684135393391,8.354359600692987,38.42013611027188,25660.48595204735,5532.918942288437,-40.131731272808835,35.308828529844604,16280.073850232635,0.40028545230231316
C12,24,20,0.9,20.0,20.0,0.5,23,504,confirmation,True,True,16,31000016,504,24,0.8454920817743075,0.005079240379148501,0.04442243530884402,8.958810301497579,38.40392781798306,25672.167035709404,5117.32963057807,-35.88745578456361,35.68801274279617,15218.943755429878,0.3990587528511494
C12,24,20,0.9,20.0,20.0,0.5,23,504,confirmation,True,True,17,31000017,504,21,0.8308301819007433,0.006664157491595803,0.030076849408314486,8.682439099997282,38.370455988374495,25268.850002228213,5399.638932659376,-38.873028854973114,35.43429231240906,15944.365360109734,0.39894396242680985
C12,24,20,0.9,20.0,20.0,0.5,23,504,confirmation,True,True,18,31000018,504,24,0.8468947420729763,0.004152516062257672,0.010039284603551246,7.952437801286578,38.13086149513258,25639.079995433938,5073.350360134893,-35.68549962323462,35.729205274265205,15105.564703793909,0.3992151745647783
C12,24,20,0.9,20.0,20.0,0.5,23,504,confirmation,True,True,19,31000019,504,23,0.8432643978152085,0.004795356203351723,0.008261793585973147,9.852567600086331,38.42963925551576,25558.06689424078,5223.367674227642,-39.299326610838705,35.57471265055287,15484.983673236251,0.39996653176804614
C12,24,20,0.9,20.0,20.0,0.5,23,504,confirmation,True,True,20,31000020,504,22,0.8427214156748509,0.005122591176142691,0.024497600427043183,8.338275600224733,38.32069360933462,25538.4777287806,5339.984735029123,-38.53641629599812,35.48941620593699,15792.745066233225,0.3986259656567569
C12,24,20,0.9,20.0,20.0,0.5,23,504,confirmation,True,True,21,31000021,504,24,0.8353655814288008,0.004676723206905455,0.03794618288313966,9.144108399748802,38.283240331548335,25271.243040870184,5086.7023813115675,-36.647712917766896,35.721535184135504,15142.068173770585,0.3988303108943643
C13,56,8,1.0,30.0,40.0,1.0,55,504,screening,False,False,1,31000001,504,56,0.839098645954317,0.004715604508297204,0.028534836198239703,9.2271429002285,38.13892070405714,25496.595675338198,5134.908701288814,-37.25394062800903,35.67692197558638,15266.478090636718,0.3986443130185069
C13,56,8,1.0,30.0,40.0,1.0,55,504,screening,False,False,2,31000002,504,56,0.8386465261042502,0.0030117413556309588,0.012896485965468895,9.427816100418568,38.3735277064403,25307.11497645638,5295.472747353184,-37.02311115445636,35.523392279971404,15676.096309343757,0.39898866173732944
C13,56,8,1.0,30.0,40.0,1.0,55,504,screening,False,False,3,31000003,504,56,0.8487458481267469,0.002615508622510237,0.008825490055522101,9.565085301175714,38.05746194455674,25671.50031609466,5509.349443913259,-40.34362480167138,35.32779630709479,16219.431244931133,0.4002471692969202
C13,56,8,1.0,30.0,40.0,1.0,55,504,screening,False,False,4,31000004,504,56,0.8492432191219583,0.0022307599319905556,0.018450896570964534,8.824868399649858,38.318081163531,25661.611128006574,5412.327251513467,-39.8393266796203,35.41602282769607,15973.592124213543,0.399515016084884
C13,56,8,1.0,30.0,40.0,1.0,55,504,screening,False,False,5,31000005,504,56,0.8327336985977443,0.0034893108934105238,0.016324388718270452,9.260035900399089,38.37102677185508,25092.97443709597,5145.477366762301,-37.11949599936504,35.668038024786924,15294.090197779855,0.39855260436262707
C13,56,8,1.0,30.0,40.0,1.0,55,504,screening,False,False,6,31000006,504,56,0.8369401925110399,0.0031132585911757774,0.012244663227789101,8.661999499425292,38.40474017620073,25227.481793898492,5157.018616641417,-37.212695833001405,35.65750166673089,15323.86665985446,0.3985147553170362
C13,56,8,1.0,30.0,40.0,1.0,55,504,screening,False,False,7,31000007,504,56,0.8472555525303896,0.0030424750051658376,0.016580869516715134,8.004123600199819,38.23939439257803,25616.162129818873,5654.103388496845,-41.16912202805729,35.19356851631993,16582.3395834517,0.402144034979663
C14,12,41,0.7,20.0,40.0,1.0,11,504,screening,False,False,1,31000001,504,12,0.8394718496300464,0.008366389310284314,0.04816689125556511,10.428140299394727,37.399235258746536,25674.938528480845,5606.122310672606,-42.71942678064087,35.19964143514899,16444.45793143872,0.40442741255185016
C14,12,41,0.7,20.0,40.0,1.0,11,504,screening,False,False,2,31000002,504,12,0.8441503031403692,0.007939671448102112,0.034045415774403516,9.940410001203418,38.42229677495513,25673.34645286823,5182.844547442208,-38.309100382998864,35.62595378555004,15386.981693738842,0.39900630128352693
C14,12,41,0.7,20.0,40.0,1.0,11,504,screening,False,False,3,31000003,504,12,0.8368617175838432,0.01149949901880372,0.0896692023932359,9.67506179958582,38.24107787340117,25655.436561367118,4793.508705308627,-30.06743703981067,35.836384928447686,14315.168593442071,0.41162914068264306
C14,12,41,0.7,20.0,40.0,1.0,11,504,screening,False,False,4,31000004,504,12,0.8396340461086783,0.009716373585920767,0.07612127375179836,9.499064000323415,38.434084240703555,25642.8944287422,4540.759820106967,-30.451214439265797,36.16482651476896,13684.649261616833,0.4103500844201731
C14,12,41,0.7,20.0,40.0,1.0,11,504,screening,False,False,5,31000005,504,12,0.840668170029257,0.00869579385405729,0.08110043280728019,9.847837699577212,38.37927233087131,25674.063315176045,5315.266690593837,-38.231162304075426,35.51246053474875,15729.849881781523,0.39851661805128735
C14,12,41,0.7,20.0,40.0,1.0,11,504,screening,False,False,6,31000006,504,12,0.8381469091276046,0.010969994734801987,0.06242914145511237,9.913660099729896,37.86199458659419,25655.132621878067,4343.9955536525085,-31.81122805375236,36.36907432264575,13165.591429002563,0.41441796412294774
C14,12,41,0.7,20.0,40.0,1.0,11,504,screening,False,False,7,31000007,504,12,0.8423153977646712,0.008250398850113468,0.0559252726019205,10.282006699591875,38.32327360299468,25661.370384475238,5098.2149360271715,-35.75592324221124,35.70540140344319,15169.484227656634,0.3991532463034555
C15,12,41,0.9,30.0,20.0,0.5,11,504,screening,False,False,1,31000001,504,12,0.8383219622705883,0.010550924826614795,0.06996868981220672,11.071227399632335,37.74339691659805,25673.3976808557,4753.702942604291,-33.930139248032276,36.018396202391486,14268.396334599638,0.4031195148765932
C15,12,41,0.9,30.0,20.0,0.5,11,504,screening,False,False,2,31000002,504,11,0.8351417411445543,0.013690730355838574,0.047116216665977595,9.802894901484251,38.43090170139097,25669.547455863085,5241.748122116939,-35.303712584920234,35.54055322472786,15524.552343726195,0.40121031152764486
C15,12,41,0.9,30.0,20.0,0.5,11,504,screening,False,False,3,31000003,504,12,0.8418070037370144,0.008943791118974325,0.017512254324373942,9.088539998978376,38.0576731743211,25666.443701164873,4903.933538838829,-33.39232092528992,35.859685399757794,14654.459493673441,0.4023049477495162
C15,12,41,0.9,30.0,20.0,0.5,11,504,screening,False,False,4,31000004,504,12,0.8389088986220701,0.010437136010498374,0.06638425874186515,9.393811400979757,38.04863708494379,25653.366886171156,4998.21116363793,-31.349166132908735,35.64682636638747,14847.530457728399,0.40991466390069287
C15,12,41,0.9,30.0,20.0,0.5,11,504,screening,False,False,5,31000005,504,11,0.8376808464637123,0.009583134158112423,0.0906693094407556,9.579282499849796,38.427766985590175,25622.08002876251,5172.469018721266,-35.289853536503,35.618115454157504,15352.799890988901,0.40024150419660515
C15,12,41,0.9,30.0,20.0,0.5,11,504,screening,False,False,6,31000006,504,12,0.8272072101597903,0.012210391302573476,0.025207156416082403,10.335983000695705,36.174209495040735,25599.034267533745,5529.107479494505,-39.60586520382225,35.31348949138986,16271.006572824524,0.4001562591558258
C15,12,41,0.9,30.0,20.0,0.5,11,504,screening,False,False,7,31000007,504,12,0.8394744098331154,0.008577168629196769,0.06394057758232774,9.31925049982965,38.07483810119083,25629.58086945298,5114.603417584422,-36.59761862338034,35.69606967042456,15214.269994223758,0.3986878960948494
C16,36,13,0.7,30.0,10.0,0.5,35,504,screening,False,False,1,31000001,504,34,0.8406031890572891,0.004196850058991603,0.018544267834487007,9.183223800733685,37.569468293422034,25520.15974600259,4983.945670780929,-37.00489294193582,35.80419484472943,14870.513491015505,0.40033167852839757
C16,36,13,0.7,30.0,10.0,0.5,35,504,screening,False,False,2,31000002,504,33,0.8342307562856044,0.004678831468754987,0.009828712887905818,9.636252500116825,38.42873172481404,25254.017291784974,5276.437918680316,-36.19328552144739,35.52743586649289,15621.525813287177,0.3999172135840353
C16,36,13,0.7,30.0,10.0,0.5,35,504,screening,False,False,3,31000003,504,33,0.847476505616501,0.0038639299333793386,0.03144905938141761,10.090799801051617,38.32940227470193,25673.821860307897,5363.8000806033015,-38.74313583195129,35.46726933080717,15853.278507946876,0.3987480260879633
C16,36,13,0.7,30.0,10.0,0.5,35,504,screening,False,False,4,31000004,504,34,0.84365930077278,0.0036549857993804914,0.03031770924812964,8.65407820045948,38.37627629419627,25517.778499519987,5208.262872956518,-38.481776448706015,35.602851355013975,15452.417406975745,0.39895987939363964
C16,36,13,0.7,30.0,10.0,0.5,35,504,screening,False,False,5,31000005,504,33,0.8453973652998752,0.0037984454142387073,0.02658718078865054,8.654402999207377,38.11055158598478,25611.15389521119,5650.148416510101,-38.946935285153785,35.182325156032654,16565.446564125115,0.40325333617802445
C16,36,13,0.7,30.0,10.0,0.5,35,504,screening,False,False,6,31000006,504,35,0.8444373744776815,0.003772510922657917,0.010949004156425272,10.2230858001858,38.01128926938706,25568.69409072804,5563.056656603052,-39.05974774047506,35.276461070487905,16353.745964964684,0.4009843912779634
C16,36,13,0.7,30.0,10.0,0.5,35,504,screening,False,False,7,31000007,504,36,0.8469369661939251,0.00395738801611065,0.026809180764780786,8.517497699707747,38.324927211748516,25650.762958294712,5294.8518802416365,-36.858498705048916,35.52147324949411,15673.411618669737,0.3991671888444167
C17,12,41,1.0,30.0,10.0,0.25,11,504,screening,False,False,1,31000001,504,11,0.8363186213696562,0.011677204757339972,0.10553891492487501,9.80002179928124,38.43192674929515,25668.747910498154,5605.8095300769155,-41.060125772654345,35.23689756238685,16460.944680464356,0.4015436561372424
C17,12,41,1.0,30.0,10.0,0.25,11,504,screening,False,False,2,31000002,504,12,0.8243059765747662,0.014592160993243458,0.1251658239712493,10.786577800288796,38.43438431815612,25468.81578542428,5790.549008620007,-39.60234451259093,35.04157790690673,16909.164517443296,0.4066425973417479
C17,12,41,1.0,30.0,10.0,0.25,11,504,screening,False,False,3,31000003,504,12,0.8307391646435247,0.013323910469431518,0.07745114472325178,9.351660599932075,38.336344628048444,25465.840109291184,6034.663396063136,-42.547672705838565,34.828902330947734,17515.058501802363,0.41147841635845694
C17,12,41,1.0,30.0,10.0,0.25,11,504,screening,False,False,4,31000004,504,12,0.8404027044026193,0.009972106616074073,0.06263029066470638,8.697279201820493,38.13614646180887,25661.328688882608,5595.905777862095,-39.19948914992035,35.24443590844231,16435.37854479522,0.40153472198931117
C17,12,41,1.0,30.0,10.0,0.25,11,504,screening,False,False,5,31000005,504,12,0.8375698638111988,0.009837654709093676,0.0636652439280046,11.161461500450969,37.75807815103963,25610.60545416489,5646.371924914143,-43.063212085160984,35.15991269751159,16543.82866147181,0.4052308574644911
C17,12,41,1.0,30.0,10.0,0.25,11,504,screening,False,False,6,31000006,504,12,0.8388833859025356,0.008363266832182232,0.06542676557837115,10.001490900292993,37.850509823205215,25622.25988428439,5163.6563820304955,-40.394770054102835,35.573979928578254,15307.65070770232,0.4039244387847702
C17,12,41,1.0,30.0,10.0,0.25,11,504,screening,False,False,7,31000007,504,12,0.8391719802106041,0.009684879563004971,0.06415834486431858,8.655783399939537,38.28679521305881,25593.30015501032,5093.876758844371,-35.92575229797717,35.71163498759829,15159.222290305031,0.3990201255213736
C18,36,13,0.7,10.0,40.0,1.0,35,504,screening,False,False,1,31000001,504,36,0.8477186354977937,0.003255261462935423,0.019571632086370874,9.59323270060122,38.1740161384538,25651.764398431136,5011.022495743129,-36.33474899882074,35.789254779351424,14945.06340043436,0.3994474854989756
C18,36,13,0.7,10.0,40.0,1.0,35,504,screening,False,False,2,31000002,504,36,0.837071582577063,0.0054211442793555605,0.020529666993285633,9.429237900301814,38.41988187110999,25465.0159742227,5426.7938621632165,-39.72297128807227,35.40519385543822,16011.39072528258,0.39942970836643404
C18,36,13,0.7,10.0,40.0,1.0,35,504,screening,False,False,3,31000003,504,36,0.8323151836358081,0.004034333011625491,0.013637753984906522,9.135707499459386,38.21136062454023,25144.69465532756,5061.432277911851,-37.19515274646926,35.739657780742725,15074.488124414554,0.399317932882362
C18,36,13,0.7,10.0,40.0,1.0,35,504,screening,False,False,4,31000004,504,36,0.8466543971996863,0.003512396416522445,0.016249868189221823,8.91392569988966,38.30725770215053,25613.972450046815,5218.770385455655,-37.03624344092515,35.59969660100263,15482.220196043236,0.39849438185541947
C18,36,13,0.7,10.0,40.0,1.0,35,504,screening,False,False,5,31000005,504,36,0.8355612806847702,0.00380753700794527,0.021726843284235513,9.187707800418139,38.419102352315406,25244.413188443486,5534.060437526,-40.58309567976825,35.30393807504023,16281.17724916233,0.40059179544205825
C18,36,13,0.7,10.0,40.0,1.0,35,504,screening,False,False,6,31000006,504,36,0.8427381897315097,0.005002490444264847,0.009836638771206191,9.092418000102043,37.881304963554214,25573.989282186907,5431.497647087685,-38.651623754039605,35.40385923168772,16024.664842894621,0.39923984028736276
C18,36,13,0.7,10.0,40.0,1.0,35,504,screening,False,False,7,31000007,504,36,0.8415490803192845,0.0030948490908989643,0.01964987951089138,8.471455799415708,38.24604585233903,25418.806471917305,5304.486716884348,-37.69497595054054,35.521231283252355,15701.824959115744,0.3985684876336539
C19,12,41,0.9,10.0,10.0,0.5,11,504,screening,False,False,1,31000001,504,12,0.8422434870509514,0.008780818171418767,0.03180462534191237,9.911568000912666,37.88877221268276,25672.500084975956,5570.517025140271,-39.431313737995694,35.27256359308341,16373.868001301167,0.40084542982177385
C19,12,41,0.9,10.0,10.0,0.5,11,504,screening,False,False,2,31000002,504,12,0.8383351991583293,0.00969835991460316,0.06970180135451325,10.333698399364948,38.41776190912762,25662.953474116144,4699.963558718733,-34.39398929673605,36.063510889692736,14124.765581751006,0.4043419616131422
C19,12,41,0.9,10.0,10.0,0.5,11,504,screening,False,False,3,31000003,504,11,0.8338139834860471,0.012189124035621146,0.09545082021134724,9.728419600054622,38.42951862055097,25667.480867077174,4659.502788677589,-34.089729795924214,36.0989429600382,14016.927115884266,0.4052372542243086
C19,12,41,0.9,10.0,10.0,0.5,11,504,screening,False,False,4,31000004,504,12,0.838232714092808,0.009398531389329232,0.09482313680895728,9.104188401252031,38.43225768417671,25675.89839259649,5660.4493825696545,-38.53218536289337,35.160515813840455,16585.360002440313,0.4043823457249185
C19,12,41,0.9,10.0,10.0,0.5,11,504,screening,False,False,5,31000005,504,12,0.8407449730724462,0.009357457052843752,0.0573926696221084,10.391108000651002,38.041823295960505,25661.872624012005,5466.960249960202,-42.44720903497374,35.301534186173875,16082.673679868642,0.4047905980073472
C19,12,41,0.9,10.0,10.0,0.5,11,504,screening,False,False,6,31000006,504,12,0.836237599514007,0.0117848517086003,0.04393261839322748,10.25281579978764,37.40025186124255,25672.11413553122,6356.919525135092,-47.07114713607562,34.50421461323509,18278.376297860483,0.4244040723460069
C19,12,41,0.9,10.0,10.0,0.5,11,504,screening,False,False,7,31000007,504,12,0.840202315374095,0.008163158016456456,0.07200042180996212,10.319109499454498,38.24955302975977,25648.663961950762,5743.951006380105,-41.11886805243992,35.1106962831303,16806.17660418271,0.4036473603237128
C20,24,20,0.7,20.0,40.0,0.5,23,504,screening,False,False,1,31000001,504,24,0.8381671337425511,0.006831583781007171,0.020170157677595203,9.563027700409293,36.9057589676884,25658.536868556224,5482.071005797975,-40.11500719921585,35.35366623516381,16150.942384704194,0.39992785674095244
C20,24,20,0.7,20.0,40.0,0.5,23,504,screening,False,False,2,31000002,504,23,0.8426909560262895,0.005572060136247019,0.013775676066532645,8.800816299393773,38.4068062273891,25595.325158553977,5533.394293034595,-39.27270858490178,35.30811948919288,16281.145573273623,0.4003113873536126
C20,24,20,0.7,20.0,40.0,0.5,23,504,screening,False,False,3,31000003,504,23,0.83384723006785,0.005421273922989455,0.020372651273260458,9.126117300242186,37.39845039021019,25350.150833561525,5119.190921561355,-35.16598041721957,35.67290508445615,15218.034321172318,0.3999752987273309
C20,24,20,0.7,20.0,40.0,0.5,23,504,screening,False,False,4,31000004,504,22,0.84347717603118,0.0071216448127794565,0.032325140239193646,10.557615699246526,37.86966624605329,25659.304671439466,5161.149632623769,-38.09642538375118,35.6466147278223,15331.459375565091,0.3989983321990619
C20,24,20,0.7,20.0,40.0,0.5,23,504,screening,False,False,5,31000005,504,24,0.8371449601045501,0.004503525443817806,0.0066790251945369385,9.046830300241709,37.99683691785863,25313.024748639153,5244.08011752798,-36.07290696353225,35.55965537009161,15539.806809370371,0.3996931505038435
C20,24,20,0.7,20.0,40.0,0.5,23,504,screening,False,False,6,31000006,504,23,0.7747234718133629,0.015383528925631787,0.013387488184694818,8.637380400672555,37.96632538481244,23255.369645488743,4294.255977770641,-32.56389501228449,36.39131927766362,13022.80336225558,0.4172002282755525
C20,24,20,0.7,20.0,40.0,0.5,23,504,screening,False,False,7,31000007,504,24,0.8464638237584629,0.004296807735351608,0.03571485212037666,8.563699699938297,38.208344821308046,25669.052240893434,5302.307893100446,-37.80896837294014,35.523874477950535,15696.54333649555,0.3985164084821666
C21,24,20,1.0,20.0,10.0,0.5,23,504,screening,False,False,1,31000001,504,22,0.8436022592851193,0.005075007262177339,0.042501001469271014,9.082499099895358,38.337435706061626,25595.273537765643,5185.4591945970515,-38.023305138583254,35.62755958320025,15395.43803514667,0.3987209145951593
C21,24,20,1.0,20.0,10.0,0.5,23,504,screening,False,False,2,31000002,504,23,0.844604351814843,0.00521066165655646,0.04814283250216847,8.972381699830294,38.41113322069268,25651.129829457954,5295.864239844214,-38.7694248982053,35.52667038390157,15678.701937236407,0.39872657528874383
C21,24,20,1.0,20.0,10.0,0.5,23,504,screening,False,False,3,31000003,504,23,0.8424652999475328,0.006217848186447064,0.028321254539683927,8.562420099973679,38.32770692264321,25596.699791047355,4644.246036695629,-34.91353984542566,36.09740555005654,13970.436055070408,0.4064680311935879
C21,24,20,1.0,20.0,10.0,0.5,23,504,screening,False,False,4,31000004,504,23,0.8295536706335034,0.006490522536172305,0.04181768251269806,9.657600099220872,38.36816322227203,25117.399611832327,5133.059904435923,-36.216341104330354,35.67618508657125,15260.666267592815,0.3988191121070109
C21,24,20,1.0,20.0,10.0,0.5,23,504,screening,False,False,5,31000005,504,24,0.8384523899932674,0.005208880786702747,0.041050971007140814,8.621505798771977,38.309920445963016,25404.16931404244,4850.992026310683,-31.99846053122809,35.87012111645265,14500.47262655919,0.40538496843646127
C21,24,20,1.0,20.0,10.0,0.5,23,504,screening,False,False,6,31000006,504,24,0.844810278032377,0.005480065225186225,0.02737608986245206,10.0416637994349,38.16650097326573,25651.808789610364,4966.847722116407,-32.793295718300456,35.76658653547325,14803.93240513289,0.4040112384069587
C21,24,20,1.0,20.0,10.0,0.5,23,504,screening,False,False,7,31000007,504,24,0.8455935809935725,0.004938881578980297,0.03377898682410846,9.23151620104909,38.18545803276977,25644.327727779677,5317.949880824154,-38.22133785114944,35.51000306563334,15736.701380912516,0.398524221302839
C22,56,8,0.7,10.0,40.0,1.0,55,504,screening,False,True,1,31000001,504,56,0.8399773871131552,0.005045419350396865,0.006940129872561104,9.765047000721097,36.979052383411336,25643.054095303192,5350.011845167678,-38.141193730343076,35.47978896728428,15818.107603251698,0.39869704934772204
C22,56,8,0.7,10.0,40.0,1.0,55,504,screening,False,True,2,31000002,504,56,0.8465012239765304,0.002768335995427138,0.012973466167185968,9.357782799750566,38.40613364757987,25582.82377881396,5468.526752540132,-39.29296279041513,35.370203826792384,16118.575489134293,0.3995007554886123
C22,56,8,0.7,10.0,40.0,1.0,55,504,screening,False,True,3,31000003,504,56,0.8445159461957791,0.002747862953553924,0.0060114241533510745,8.460796799510717,37.78101600417272,25567.05589654237,5248.784159796794,-36.81917324131649,35.56802004580892,15557.40501764806,0.3987905324174943
C22,56,8,0.7,10.0,40.0,1.0,55,504,screening,False,True,4,31000004,504,56,0.8476301138326204,0.002337038328029286,0.015288941817694173,9.184369400143623,38.240150315229194,25610.28734433742,5450.347714960935,-40.49941589850272,35.37436810287544,16066.88386314118,0.4002952095312823
C22,56,8,0.7,10.0,40.0,1.0,55,504,screening,False,True,5,31000005,504,56,0.8481925984296572,0.0027121630116841828,0.014373710189279755,8.771763799712062,38.38363877798061,25661.207338420925,5354.793618554491,-39.60830864743798,35.46673903689921,15826.42232214378,0.3993531097577917
C22,56,8,0.7,10.0,40.0,1.0,55,504,screening,False,True,6,31000006,504,56,0.8475833474464876,0.002818842303977755,0.019485595119065616,8.964236600324512,38.39906997218549,25615.078081504093,5503.595647243982,-40.656889684371336,35.32849336196233,16202.811857548655,0.4005396078568302
C22,56,8,0.7,10.0,40.0,1.0,55,504,screening,False,True,7,31000007,504,56,0.847657363302692,0.002519814918773885,0.01029479969147351,8.287026301026344,38.10677459980451,25621.29433675379,5408.663744076687,-38.60072628838576,35.42555462105395,15967.076074391902,0.3990326901625476
C22,56,8,0.7,10.0,40.0,1.0,55,504,confirmation,False,True,8,31000008,504,56,0.849183526668193,0.0027406737275853877,0.008749970400659406,9.249634800478816,38.42959282750114,25651.617467257394,5115.370111873944,-36.47912628777044,35.6949679418609,15216.081012841149,0.39871201606938195
C22,56,8,0.7,10.0,40.0,1.0,55,504,confirmation,False,True,9,31000009,504,56,0.8461587720727783,0.00268408196762164,0.010524060839295147,8.765111099928617,38.31514150533245,25556.630306334908,5261.008733637312,-37.18707306897343,35.55980738938166,15590.038103499792,0.3985858367248633
C22,56,8,0.7,10.0,40.0,1.0,55,504,confirmation,False,True,10,31000010,504,56,0.8455997184620117,0.005146948052118088,0.0070289218996903635,8.66713329963386,38.379549993623556,25640.563187047872,5319.453660294064,-39.04810823691736,35.50369515924401,15738.355097400434,0.39888715652664636
C22,56,8,0.7,10.0,40.0,1.0,55,504,confirmation,False,True,11,31000011,504,56,0.847590396091444,0.0028085052164255725,0.006214478362638503,8.07070580124855,38.26271201200965,25627.782607941353,5096.615940222836,-35.56550781962852,35.704303217988766,15164.260076279255,0.3993364916766567
C22,56,8,0.7,10.0,40.0,1.0,55,504,confirmation,False,True,12,31000012,504,56,0.8476571715355739,0.003375478950804285,0.00865888258232429,8.883984699845314,38.014473921435425,25668.094220239072,5393.242774284162,-36.78492771310003,35.413792504451976,15916.265044552854,0.40086253407743977
C22,56,8,0.7,10.0,40.0,1.0,55,504,confirmation,False,True,13,31000013,504,56,0.848075659162376,0.002617081393533221,0.020208484273213007,9.112877599895,38.38308930215758,25656.389054068455,5347.020331415314,-37.92131795772862,35.48147252287062,15810.012914028583,0.39876248641547263
C22,56,8,0.7,10.0,40.0,1.0,55,504,confirmation,False,True,14,31000014,504,56,0.8435526232457823,0.0033935764018102115,0.00754602068565933,9.202461900189519,37.56432262484032,25586.25249118496,5336.828335068642,-39.04229239470067,35.489047008504514,15783.245971630828,0.3988526707294686
C22,56,8,0.7,10.0,40.0,1.0,55,504,confirmation,False,True,15,31000015,504,56,0.8421200561539415,0.003448328330698924,0.01579675388890407,8.621914599090815,38.37788027475392,25472.26574486514,4975.98535603077,-35.259949265738754,35.819470473726746,14853.0967115034,0.3998763554438273
C22,56,8,0.7,10.0,40.0,1.0,55,504,confirmation,False,True,16,31000016,504,56,0.8491279990372532,0.002876778792462046,0.011836087814493327,8.333964798599482,38.39206428930413,25658.622671021036,5206.5047209085615,-38.1776752859586,35.60826303280472,15449.549131970967,0.39869307077557614
C22,56,8,0.7,10.0,40.0,1.0,55,504,confirmation,False,True,17,31000017,504,56,0.8455016925383009,0.0034885820941370164,0.007366695007358449,7.750463999807835,38.43061389763418,25552.013047967015,5627.807736052845,-40.94275601985541,35.21869782389805,16517.005005586743,0.4016874341327127
C22,56,8,0.7,10.0,40.0,1.0,55,504,confirmation,False,True,18,31000018,504,56,0.8474085205436206,0.003035304397484184,0.011072119166053189,9.53321130014956,37.84586036949193,25669.363990677437,5156.38293162324,-38.44326107946985,35.64439734310778,15316.346838999809,0.39946970939942966
C22,56,8,0.7,10.0,40.0,1.0,55,504,confirmation,False,True,19,31000019,504,56,0.8454645748078486,0.0029025017600999166,0.01005577362416272,9.047697799280286,38.42781922191684,25560.237891220935,5059.306410300497,-35.81901782151995,35.74417736693027,15070.062140285687,0.3991571089378092
C22,56,8,0.7,10.0,40.0,1.0,55,504,confirmation,False,True,20,31000020,504,56,0.8409258445622921,0.0030519128384992327,0.009534438617635322,8.726526498794556,37.67377474453421,25464.70502190493,5253.408979073559,-38.154526021368014,35.568252517659225,15571.214762185555,0.39847391202821736
C22,56,8,0.7,10.0,40.0,1.0,55,504,confirmation,False,True,21,31000021,504,56,0.8498462904116081,0.0023172819873397573,0.014175878403476555,8.085119400173426,38.41725093551622,25668.417231266165,5277.699846312619,-38.33245615157561,35.545880078911004,15633.373819126282,0.3985080187733258
C23,36,13,1.0,30.0,40.0,0.25,35,504,screening,False,True,1,31000001,504,35,0.8392317424903487,0.008955256223949803,0.00864962014049257,10.249677101150155,37.627781398235996,25615.73102232239,5265.099844119928,-37.7806165207749,35.55868473381323,15601.668787425808,0.398401686043374
C23,36,13,1.0,30.0,40.0,0.25,35,504,screening,False,True,2,31000002,504,35,0.8182169396474454,0.010897971263230706,0.07578629279375901,9.750527299940586,38.37491280530114,25166.354011837815,5361.102515062567,-38.994799416338594,35.46843233096596,15845.825147905674,0.3988320498636103
C23,36,13,1.0,30.0,40.0,0.25,35,504,screening,False,True,3,31000003,504,34,0.787024440670175,0.012346986145400547,0.020226946378396178,8.87228119932115,37.54107446281968,23717.819563268036,5190.515277819663,-37.2987755821121,35.627086243517454,15410.24462093134,0.39842031587565085
C23,36,13,1.0,30.0,40.0,0.25,35,504,screening,False,True,4,31000004,504,32,0.8388838896723567,0.010557272524600805,0.012182561406071131,9.270103199407458,38.23208305005338,25575.44289265594,5233.109232329118,-36.5616467449217,35.58037914381027,15516.334215603658,0.39892879972966055
C23,36,13,1.0,30.0,40.0,0.25,35,504,screening,False,True,5,31000005,504,34,0.80001876970905,0.00830249482479593,0.015877720015625357,10.031785499304533,38.04116350278949,24033.893104711806,5296.094027390887,-38.70486304367748,35.527105276535345,15679.574172128841,0.39868041936553816
C23,36,13,1.0,30.0,40.0,0.25,35,504,screening,False,True,6,31000006,504,33,0.7975669042894202,0.009881850412101219,0.010195368685015442,9.19705170020461,37.67294508856536,24043.580943445493,5339.169298367172,-41.809245268458994,35.40657830114928,15753.476318810799,0.4047600138631456
C23,36,13,1.0,30.0,40.0,0.25,35,504,screening,False,True,7,31000007,504,33,0.8407245002096134,0.005215560659805484,0.017518221016721246,8.049860401079059,38.15331516532626,25458.448664049243,5216.369205653577,-36.94874922880939,35.601387771901145,15475.831904323077,0.3985319461845771
C23,36,13,1.0,30.0,40.0,0.25,35,504,confirmation,False,True,8,31000008,504,35,0.8444207515824019,0.005119277282727726,0.011443159453956442,8.250129099935293,38.39243621922535,25568.93979316061,5144.95900549427,-36.10412150365542,35.663159400332574,15290.457760093226,0.3989256912215135
C23,36,13,1.0,30.0,40.0,0.25,35,504,confirmation,False,True,9,31000009,504,34,0.8463102606899516,0.005673637735670683,0.014527173211644064,8.911677099764347,38.272168106026776,25657.196855726805,4717.444053069932,-35.072623963807246,36.040974941354065,14168.440241994433,0.4044098143233628
C23,36,13,1.0,30.0,40.0,0.25,35,504,confirmation,False,True,10,31000010,504,34,0.7983171411204399,0.0123726549206173,0.0151744093921983,8.603692900389433,37.75982346957093,24214.244207770305,6279.568424296374,-46.07475045512366,34.58703488239326,18099.30434479283,0.4205834354166973
C23,36,13,1.0,30.0,40.0,0.25,35,504,confirmation,False,True,11,31000011,504,31,0.8216584357364236,0.0060733083963976425,0.019884313300890338,7.945536499843001,38.344144481549726,24786.555907587648,5134.195689921563,-37.30546527316601,35.677262071309,15264.50376289306,0.39866855851935373
C23,36,13,1.0,30.0,40.0,0.25,35,504,confirmation,False,True,12,31000012,504,33,0.839694186615804,0.006552348975099294,0.01518581393442185,9.337699299678206,38.08658221645952,25507.231575097332,5198.257584923007,-39.30323008726272,35.5927863285142,15418.372625061906,0.40032722494751566
C23,36,13,1.0,30.0,40.0,0.25,35,504,confirmation,False,True,13,31000013,504,31,0.8404138677999553,0.007274299146162767,0.053727672315873755,9.047962898388505,38.075669572845435,25645.262756843233,5471.319796725936,-41.35297010223748,35.338193219000374,16112.213011636915,0.40174927483352546
C23,36,13,1.0,30.0,40.0,0.25,35,504,confirmation,False,True,14,31000014,504,35,0.8423462782627775,0.00514938264799975,0.020551583673813628,8.9736412987113,37.533827442785224,25627.79554338933,5421.083846055,-39.81726275193087,35.408974143012614,15996.251477672075,0.39949949395165796
C23,36,13,1.0,30.0,40.0,0.25,35,504,confirmation,False,True,15,31000015,504,33,0.8441060100033232,0.005338893387762809,0.023001331729712825,8.712239200249314,38.38166168753147,25632.458386211725,5262.091910171619,-36.348712846106835,35.546381327630016,15587.360468333118,0.3994783497696845
C23,36,13,1.0,30.0,40.0,0.25,35,504,confirmation,False,True,16,31000016,504,33,0.8429069545220071,0.006418663397326871,0.02023008237719542,8.277700899168849,38.3117683205041,25581.913848296343,5339.78059152482,-38.48778691528592,35.48970792361024,15792.271130781544,0.3986175623710361
C23,36,13,1.0,30.0,40.0,0.25,35,504,confirmation,False,True,17,31000017,504,34,0.8400714518723312,0.0039522366794071855,0.014618254030814822,8.86184380017221,38.075344825034186,25409.971346306495,5578.634029558187,-42.3077909794671,35.232334385877536,16379.024962152458,0.40348110675499915
C23,36,13,1.0,30.0,40.0,0.25,35,504,confirmation,False,True,18,31000018,504,34,0.8318811282220968,0.006721743724615699,0.016807381981721933,8.748051900416613,37.251487598935555,25345.543384100198,5263.715979966656,-40.5726367747539,35.50614079552755,15574.520057697024,0.4022690238507314
C23,36,13,1.0,30.0,40.0,0.25,35,504,confirmation,False,True,19,31000019,504,33,0.8386732808461186,0.006411430138960374,0.00951791568053279,8.57329879887402,38.43459883603072,25449.235223786807,5379.508414948549,-39.49351338145868,35.44791540874306,15891.029936143135,0.3991900654333097
C23,36,13,1.0,30.0,40.0,0.25,35,504,confirmation,False,True,20,31000020,504,35,0.8448380330330186,0.00377126527881398,0.026170075526310035,8.990868801251054,38.250530388782856,25563.75362023997,5415.780198860957,-41.138961594293704,35.384355226121315,15969.490865257505,0.40166447061132443
C23,36,13,1.0,30.0,40.0,0.25,35,504,confirmation,False,True,21,31000021,504,34,0.844267741553899,0.006008400737332237,0.026132975134079174,9.281112698838115,38.15565174041188,25651.792878620596,5102.55161731823,-38.55818934303062,35.6814765603199,15172.214660930234,0.40050250104500623
C24,24,20,0.7,10.0,20.0,1.0,23,504,screening,False,False,1,31000001,504,24,0.8434485411529092,0.005406656207359424,0.034563263282869315,9.22532320022583,38.20452312374442,25617.792060426505,5263.842885827237,-34.016337612485145,35.45735579516564,15553.495837718981,0.40579047730108486
C24,24,20,0.7,10.0,20.0,1.0,23,504,screening,False,False,2,31000002,504,24,0.8437485654720819,0.005289407292444309,0.019005199603801735,8.751224299892783,38.38597794268859,25555.260225657603,5087.68659695698,-37.00752382045917,35.719302298894256,15144.05129656158,0.398915845144362
C24,24,20,0.7,10.0,20.0,1.0,23,504,screening,False,False,3,31000003,504,24,0.846466044345145,0.0048890581653753306,0.017989523094729704,8.82094319909811,38.22312131029255,25646.701532426745,4882.573294321339,-35.45836078133513,35.904069790364815,14608.6876929904,0.4009639521171653
C24,24,20,0.7,10.0,20.0,1.0,23,504,screening,False,False,4,31000004,504,24,0.8468746418025068,0.004535471043527498,0.024511031270992224,9.051884701475501,38.21856441558044,25668.307499072238,5382.790323277384,-36.463614926426146,35.41629283342122,15886.53986250816,0.40132560748372587
C24,24,20,0.7,10.0,20.0,1.0,23,504,screening,False,False,5,31000005,504,24,0.8458015299623592,0.004660088869289917,0.023418467741635852,9.543302500620484,38.395538664131436,25606.318256451676,5224.402173515951,-36.62109405135317,35.590048105520054,15494.727056501353,0.3988099155038488
C24,24,20,0.7,10.0,20.0,1.0,23,504,screening,False,False,6,31000006,504,24,0.8364803157919902,0.004759570018573939,0.036938430335785054,8.889190400019288,38.30422525466181,25314.041267283705,5261.453660034975,-39.74497122342697,35.53524090266688,15580.585275630096,0.400319430164358
C24,24,20,0.7,10.0,20.0,1.0,23,504,screening,False,False,7,31000007,504,24,0.8452769937110257,0.004949919695446668,0.04561442861175443,8.84906930103898,38.414280287402214,25668.779310510392,5068.390761591099,-33.620977497807246,35.680478075102876,15070.217120417095,0.4028737905265633
C25,12,41,0.9,20.0,10.0,1.0,11,504,screening,False,False,1,31000001,504,12,0.8371696136795777,0.011396576694688909,0.06963178028784198,9.706702500581741,38.38430321658772,25666.955827062575,5768.801951813082,-43.83168967058755,35.04775314814202,16848.6288973054,0.40732905513409984
C25,12,41,0.9,20.0,10.0,1.0,11,504,screening,False,False,2,31000002,504,12,0.8416198584747651,0.008732092719536517,0.036317319301991474,10.352143900468946,38.42943930353952,25604.456341079764,5126.124581543543,-36.82683259258438,35.68579386406455,15244.152094873087,0.3986206984384306
C25,12,41,0.9,20.0,10.0,1.0,11,504,screening,False,False,3,31000003,504,12,0.8358499332911329,0.010282326812679179,0.09146834479753291,9.12248170003295,38.43416300422429,25638.080823497956,5568.107171376177,-42.03247742077633,35.248076888173,16355.42247485458,0.4028782199853567
C25,12,41,0.9,20.0,10.0,1.0,11,504,screening,False,False,4,31000004,504,12,0.838201604489897,0.009895692373291123,0.07790084259007617,9.001858400180936,38.395392070168235,25653.233961913687,5618.76171591456,-36.986811634940764,35.15384936768358,16460.091916180645,0.4072832302381273
C25,12,41,0.9,20.0,10.0,1.0,11,504,screening,False,False,5,31000005,504,12,0.835656965953741,0.011803359213361538,0.027840265209117462,10.313500098884106,38.40325312930541,25620.509941583965,4693.821514943995,-32.37158840478871,36.056283142519895,14103.479796939362,0.4052313297133161
C25,12,41,0.9,20.0,10.0,1.0,11,504,screening,False,False,6,31000006,504,12,0.8395463358518904,0.008951134752071741,0.07558932080708554,10.050224099308252,38.256736522171856,25672.78922135546,4752.927952943641,-35.65350107355172,36.00339900780599,14260.130128765371,0.40409597782475176
C25,12,41,0.9,20.0,10.0,1.0,11,504,screening,False,False,7,31000007,504,12,0.8390597578312282,0.009222949755906392,0.09030924326050381,9.151464201509953,38.43460413307605,25673.70291958125,4815.8804340868455,-32.9197634230832,35.941704008126784,14424.24575837321,0.40335769031362784
C26,24,20,1.0,10.0,20.0,0.25,23,504,screening,False,False,1,31000001,504,22,0.834537085130791,0.008009846668308486,0.017563853033033473,9.489028599113226,36.60995317155756,25629.79413228068,5377.516204192881,-38.698834601560776,35.45484304302812,15888.249415083244,0.3988032882684747
C26,24,20,1.0,10.0,20.0,0.25,23,504,screening,False,False,2,31000002,504,23,0.8365782059693271,0.005799673030273589,0.04504664095521861,9.50293600000441,38.3736727480997,25376.002386945805,5196.95576519234,-36.858735012560174,35.61950328527881,15426.081912643098,0.3985288200539037
C26,24,20,1.0,10.0,20.0,0.25,23,504,screening,False,False,3,31000003,504,23,0.8211741406072115,0.006828469366555564,0.03981527657280352,8.447670500725508,38.31976247373376,24809.79550896985,5011.492928220922,-33.23766329910735,35.73220873766462,14922.64261654334,0.40323501496343717
C26,24,20,1.0,10.0,20.0,0.25,23,504,screening,False,False,4,31000004,504,24,0.8343213006805225,0.007978537788404136,0.012691797164322753,9.662265298888087,38.384160975856034,25292.086623723968,5161.764271257197,-38.27234667741736,35.643358064492304,15331.884347076955,0.3991846711443665
C26,24,20,1.0,10.0,20.0,0.25,23,504,screening,False,False,5,31000005,504,23,0.839229671690116,0.005402309853037803,0.02726129184737281,9.842557499185205,38.26763886891891,25429.284482242812,5224.827995384939,-37.09647573666351,35.5942576351809,15497.822813936442,0.39848348197192257
C26,24,20,1.0,10.0,20.0,0.25,23,504,screening,False,False,6,31000006,504,24,0.8348498618617799,0.00736965299527833,0.03006010293765907,8.670552499592304,37.889390730435345,25369.574252971528,5301.638762437323,-39.767304230028515,35.505099037303275,15686.267443361927,0.3999196781831567
C26,24,20,1.0,10.0,20.0,0.25,23,504,screening,False,False,7,31000007,504,24,0.835682752375718,0.005642523484534518,0.01746929471450836,8.07453309930861,38.242811136208836,25279.840382311515,5274.857719061377,-37.98011472196552,35.5496725012313,15626.622033601987,0.39841850933752976
C27,36,13,0.7,10.0,10.0,0.5,35,504,screening,False,False,1,31000001,504,34,0.8444637292161191,0.0045211030685459175,0.03159982794938265,13.038028601557016,38.00192290510976,25620.591064592827,5516.565311047572,-39.63000502484198,35.32528843456863,16239.52173174094,0.40000552402046036
C27,36,13,0.7,10.0,10.0,0.5,35,504,screening,False,False,2,31000002,504,34,0.8457023430669223,0.004282502868070313,0.014435848259742286,9.151878200471401,38.43052701417772,25588.63646070256,5347.02088212374,-38.660312544604,35.48268199781885,15810.553466341125,0.39867389360130706
C27,36,13,0.7,10.0,10.0,0.5,35,504,screening,False,False,3,31000003,504,35,0.8454107923672505,0.004197511890698021,0.028280316770639375,9.709272898733616,38.40788279145998,25607.195759504077,5363.8000806033015,-38.74313583195129,35.46726933080717,15853.278507946876,0.3987480260879633
C27,36,13,0.7,10.0,10.0,0.5,35,504,screening,False,False,4,31000004,504,35,0.8484911442774358,0.003840652516042265,0.01743734891674337,9.180023798719049,38.367673239106225,25667.921640007422,5229.639033714122,-36.750321781078796,35.58639668138454,15508.667429516936,0.3987272653546783
C27,36,13,0.7,10.0,10.0,0.5,35,504,screening,False,False,5,31000005,504,33,0.8460256559392368,0.004264895778140669,0.02430858558984991,9.397395400330424,38.39126072680008,25656.844981739167,5212.642105676778,-38.9309524717888,35.59127648185175,15460.382198673673,0.3994917509581208
C27,36,13,0.7,10.0,10.0,0.5,35,504,screening,False,False,6,31000006,504,35,0.842820041379444,0.0039981439504868455,0.020701059481043883,9.304685099050403,37.715885989336826,25575.970370428786,5169.184585919095,-36.24140728710684,35.64065351571698,15352.759732127284,0.3988810716214243
C27,36,13,0.7,10.0,10.0,0.5,35,504,screening,False,False,7,31000007,504,32,0.8473185574215443,0.00446994425060348,0.017253011068351087,8.23146079853177,38.393175535264575,25656.232538469958,5039.108212628148,-36.19839761159736,35.76462819229113,15018.485970447202,0.39916099252568576
C28,56,8,1.0,10.0,40.0,0.25,55,504,screening,False,False,1,31000001,504,50,0.8459743690880933,0.004164215370226689,0.017979715327795975,8.9760238006711,38.41656850113617,25644.688163129318,5278.694610853605,-38.281449714375796,35.5452826720317,15636.057673510148,0.39848693077963876
C28,56,8,1.0,10.0,40.0,0.25,55,504,screening,False,False,2,31000002,504,52,0.8417832305230146,0.004953100389912725,0.01019779009362791,9.013616198673844,38.408259498463416,25517.121792135116,5400.022493769419,-39.71731275763129,35.42791147654047,15942.626573382526,0.39939359962901555
C28,56,8,1.0,10.0,40.0,0.25,55,504,screening,False,False,3,31000003,504,50,0.8379806502552474,0.004371316793658508,0.006412255043875238,8.942156299948692,37.449677191881584,25443.422591704046,4941.973886181954,-38.7787883668957,35.77397607480744,14732.837963883034,0.4052461965063793
C28,56,8,1.0,10.0,40.0,0.25,55,504,screening,False,False,4,31000004,504,52,0.8478302123820921,0.003807735611162764,0.01820896878080553,9.203654600307345,38.231669682786496,25673.899834059932,5404.255383638602,-39.16939389944062,35.42917680842226,15955.69329206666,0.39903693827810843
C28,56,8,1.0,10.0,40.0,0.25,55,504,screening,False,False,5,31000005,504,52,0.836344937294174,0.004151750970095483,0.009328462984181152,9.66178959980607,38.39459483066677,25267.355875760924,5244.66709190914,-36.32026486680101,35.564256073862474,15543.556956568025,0.3993264675161965
C28,56,8,1.0,10.0,40.0,0.25,55,504,screening,False,False,6,31000006,504,50,0.8255609417958654,0.007055887484893827,0.012146482263665229,9.219658998772502,38.43294431319662,24981.545963571054,5694.011949496373,-44.16985904407619,35.085148841390016,16647.93806272779,0.4084623820580197
C28,56,8,1.0,10.0,40.0,0.25,55,504,screening,False,False,7,31000007,504,52,0.8436394432836055,0.007207683373128813,0.007313021071815704,8.585730399936438,38.15417482819479,25591.647679558886,5265.190697254513,-37.44591541922122,35.55758008617561,15601.453323884512,0.3984749962585489
C29,24,20,0.7,10.0,10.0,1.0,23,504,screening,False,False,1,31000001,504,24,0.8451502769132607,0.005234074258155139,0.0363308841819584,9.06340860016644,38.290893898510525,25654.242983967983,5044.909628877046,-34.22485385074367,35.72886547407153,15020.741454916346,0.4011757707974079
C29,24,20,0.7,10.0,10.0,1.0,23,504,screening,False,False,2,31000002,504,24,0.8456453204994611,0.0053825524169307856,0.012745299028143961,9.452104600146413,38.32734943112056,25651.57213101211,5702.145136634179,-43.27278167214412,35.11349789662405,16685.188438454104,0.4057529838136329
C29,24,20,0.7,10.0,10.0,1.0,23,504,screening,False,False,3,31000003,504,24,0.8440545414754469,0.004576850992847834,0.0396612496765895,9.456798501312733,38.31526664348224,25593.195249166358,5138.870732132202,-35.11331057009353,35.65026836664962,15266.843391836188,0.4002268783523834
C29,24,20,0.7,10.0,10.0,1.0,23,504,screening,False,False,4,31000004,504,24,0.8455399336228692,0.00457725839675915,0.014501790341081738,9.363435799255967,38.24147326917698,25595.212774219097,5353.684892360328,-38.25792300534226,35.47669679752109,15827.58797297806,0.3986921614870977
C29,24,20,0.7,10.0,10.0,1.0,23,504,screening,False,False,5,31000005,504,24,0.8464750154640639,0.005244885191802958,0.010234611388577106,8.995962299406528,38.39634693678056,25670.58629322082,5313.314438728449,-37.50175422929797,35.51114139704106,15723.488360052153,0.3987368240687014
C29,24,20,0.7,10.0,10.0,1.0,23,504,screening,False,False,6,31000006,504,24,0.8449405152752182,0.0056829252268569014,0.02345179045563602,9.829267298802733,38.31133626095573,25674.080123049884,4916.8289527615,-34.54573269116733,35.869499035556366,14697.015948256188,0.4007586402856312
C29,24,20,0.7,10.0,10.0,1.0,23,504,screening,False,False,7,31000007,504,24,0.8458843628032043,0.004357643579302919,0.04412015715032769,8.686407800763845,38.40732295331401,25652.08485161029,5155.349716589833,-35.93735744475228,35.650264337108226,15315.798345555293,0.3991296502799924
C30,56,8,1.0,20.0,40.0,0.5,55,504,screening,False,False,1,31000001,504,56,0.844677166856087,0.0038149994838845643,0.013804153020723676,8.990396000444889,38.240306244774956,25605.096829207363,5195.546816174505,-37.713977754644205,35.621452823418515,15422.743817018529,0.3984844703203299
C30,56,8,1.0,20.0,40.0,0.5,55,504,screening,False,False,2,31000002,504,52,0.8434796514193724,0.004676199554792997,0.008050058713715981,9.872798100113869,38.42439554915082,25517.44297278929,5421.8310885625315,-40.082055779467424,35.404621320630135,15996.489712914692,0.399778237972886
C30,56,8,1.0,20.0,40.0,0.5,55,504,screening,False,False,3,31000003,504,55,0.8461805171885516,0.0032998945980764927,0.007323092737198872,9.107368301600218,38.43025535799372,25608.188833884684,5322.670356857572,-37.43779959738406,35.50116920330688,15746.751746018874,0.3988664877149981
C30,56,8,1.0,20.0,40.0,0.5,55,504,screening,False,False,4,31000004,504,53,0.8439023332087174,0.00405847894504633,0.01596763186105675,8.382452700287104,38.18448597142423,25533.35762335967,5295.166011990306,-39.12384215744626,35.5227222220097,15674.892613613212,0.399056753635694
C30,56,8,1.0,20.0,40.0,0.5,55,504,screening,False,False,5,31000005,504,55,0.8431883364294923,0.0035791601643261196,0.010406009576723494,9.263400899246335,38.403194510221134,25502.274960353105,5505.449445465864,-39.241188164543885,35.33513305603318,16211.3157240667,0.399923174615966
C30,56,8,1.0,20.0,40.0,0.5,55,504,screening,False,False,6,31000006,504,56,0.8450847282192689,0.005246075804060842,0.0081282574509486,9.65834530070424,38.417455733025704,25618.842185853744,5887.0455947048285,-42.93623924030102,34.97092302937497,17156.284863570298,0.40723500987749933
C30,56,8,1.0,20.0,40.0,0.5,55,504,screening,False,False,7,31000007,504,50,0.8334994907714995,0.005009991030767384,0.008593822018287742,7.895104501396418,38.155215943484826,25163.914864720256,5118.3820577278875,-37.237918416440365,35.69136685376551,15223.504310008107,0.39875706363504326
C31,36,13,1.0,20.0,20.0,0.5,35,504,screening,False,False,1,31000001,504,36,0.8394639676831465,0.005713543975765913,0.019181448227841624,9.726710399612784,37.0236372737569,25646.615656041864,5026.683110599394,-38.1643463061572,35.74570569780237,14973.52792563331,0.4012859974923194
C31,36,13,1.0,20.0,20.0,0.5,35,504,screening,False,False,2,31000002,504,34,0.8404098532372949,0.004078340891237474,0.020235661279733686,9.361289199441671,38.42246564270655,25410.996722172116,5089.623620964726,-36.65522406650385,35.718901544866696,15149.647084805581,0.39881186699501486
C31,36,13,1.0,20.0,20.0,0.5,35,504,screening,False,False,3,31000003,504,32,0.8419093505180947,0.003926191171400928,0.012652594848897988,9.2584284003824,38.05047579877673,25481.933826427976,5142.649646716908,-36.93524041669855,35.670750390409175,15286.847657780398,0.39855353674273897
C31,36,13,1.0,20.0,20.0,0.5,35,504,screening,False,False,4,31000004,504,35,0.8436748188516623,0.006680911703982658,0.01215819242168085,9.420940799638629,38.42618120469279,25578.68327974409,5378.214934477039,-38.60211453769658,35.45422999611475,15890.03910462401,0.3988048054257851
C31,36,13,1.0,20.0,20.0,0.5,35,504,screening,False,False,5,31000005,504,34,0.8312033164629417,0.004935427253609272,0.010282751639452943,9.232423901557922,38.09363306797257,25127.49188910072,5237.547814908317,-37.39682266418325,35.58361266368185,15530.906062767566,0.39840957547420675
C31,36,13,1.0,20.0,20.0,0.5,35,504,screening,False,False,6,31000006,504,36,0.8377605708355048,0.004372062342576164,0.01593982605300465,9.086467400193214,37.960368748592984,25350.525614785754,5260.850905237314,-37.90656774857564,35.56252262578369,15590.760779031378,0.3984016134664407
C31,36,13,1.0,20.0,20.0,0.5,35,504,screening,False,False,7,31000007,504,34,0.8361638536729791,0.004580205761173549,0.016909347819966895,8.342169400304556,38.35041801266328,25258.713660104524,5321.138685029147,-37.538443820947435,35.50374783751556,15743.36384014367,0.3987761730573822
C32,12,41,0.7,10.0,20.0,1.0,11,504,screening,False,False,1,31000001,504,12,0.8375837827288473,0.01151231162235281,0.025495887007551853,10.512806300073862,38.42578973835109,25675.539398195815,4698.6258627178095,-31.88689322339826,36.0388391528131,14111.085142144566,0.4059274260006465
C32,12,41,0.7,10.0,20.0,1.0,11,504,screening,False,False,2,31000002,504,12,0.8387769375900093,0.008262501789564785,0.0838700360030581,10.473208200186491,38.408616853008915,25623.2074203861,5599.550378048252,-40.26358728311328,35.24733064853503,16447.433638183007,0.40109750227562996
C32,12,41,0.7,10.0,20.0,1.0,11,504,screening,False,False,3,31000003,504,12,0.8430856500613836,0.008089441527569328,0.025934051640525438,9.67625730112195,38.12349528301209,25637.350162673083,5488.617321209423,-40.314137910185934,35.34581608568348,16166.638200013751,0.4001264823323764
C32,12,41,0.7,10.0,20.0,1.0,11,504,screening,False,False,4,31000004,504,12,0.8411752160048265,0.008971209882418287,0.07430487399117156,9.355025298893452,38.42751387858544,25670.60741477139,4577.389533181319,-32.41380337324679,36.1703035201752,13797.130728770115,0.407255380230648
C32,12,41,0.7,10.0,20.0,1.0,11,504,screening,False,False,5,31000005,504,12,0.8410160261150385,0.010035073625861523,0.01816747817382662,9.546838799491525,38.28836690216475,25662.8974764852,5305.659272978699,-41.36816789518758,35.446749503928665,15672.364600206018,0.40391344145092134
C32,12,41,0.7,10.0,20.0,1.0,11,504,screening,False,False,6,31000006,504,12,0.8430514335025056,0.008288983883444033,0.02917187997414256,9.382821599021554,38.180290618020145,25675.47566807149,5301.749528432964,-36.767803993255455,35.512660110813194,15689.935749658665,0.3993643563512505
C32,12,41,0.7,10.0,20.0,1.0,11,504,screening,False,False,7,31000007,504,12,0.8395886107791315,0.007877102391104274,0.08156825579757535,9.505610300228,38.41228055884258,25627.797543806493,5689.706285840642,-41.952204469296575,35.15382205061498,16667.91019105895,0.4032536266193656
C33,56,8,0.9,30.0,20.0,0.25,55,504,screening,False,False,1,31000001,504,48,0.8382651090668124,0.005362516000090772,0.007049672680088787,9.92524529993534,37.737947100115555,25464.110188206676,5245.699336780792,-38.68176011691628,35.56952144636501,15548.917921733922,0.398883575238775
C33,56,8,0.9,30.0,20.0,0.25,55,504,screening,False,False,2,31000002,504,52,0.8427092236413903,0.004278669879585341,0.009401552682933126,8.575237700715661,38.41718947969972,25482.536353087467,5258.990583794514,-38.71159276551374,35.558205335684164,15583.355586416235,0.3988311439046437
C33,56,8,0.9,30.0,20.0,0.25,55,504,screening,False,False,3,31000003,504,51,0.8373228961087693,0.004069959512370466,0.008368375218709522,8.678575599566102,38.241855667973354,25367.82541705448,5245.836368328157,-35.89849466569038,35.55352884887839,15542.332888154213,0.4000172804367413
C33,56,8,0.9,30.0,20.0,0.25,55,504,screening,False,False,4,31000004,504,51,0.8458454643015518,0.004633817358007715,0.0093035510806698,9.049354700371623,38.22797572124994,25629.17354491904,5298.590988935543,-39.818549347617875,35.506135114161005,15677.707297318446,0.40003894764599773
C33,56,8,0.9,30.0,20.0,0.25,55,504,screening,False,False,5,31000005,504,49,0.8365830007677584,0.005168285621977744,0.012777787673661733,9.09676249884069,38.393399782610246,25317.425272083037,5365.697381287111,-41.269394745090594,35.413749567096374,15834.95527614388,0.40257680839467114
C33,56,8,0.9,30.0,20.0,0.25,55,504,screening,False,False,6,31000006,504,45,0.8433571084700393,0.003847400954607123,0.014183989725237165,7.966074299067259,38.424116829655645,25487.544678324328,5734.397774138437,-41.58242152695448,35.11857446655227,16781.98960432602,0.4035490765833579
C33,56,8,0.9,30.0,20.0,0.25,55,504,screening,False,False,7,31000007,504,51,0.8358526559356647,0.005614911765943787,0.008009286646075094,7.538106499239802,38.20628239630376,25262.03505328434,5245.820352150958,-36.17055389565286,35.55995986950667,15545.096767094117,0.3995585679206885
C34,56,8,0.9,30.0,10.0,1.0,55,504,screening,False,True,1,31000001,504,56,0.8453938436869898,0.0027553444586617425,0.00908989012241009,9.9200977999717,38.03683134108209,25563.43244954793,4980.17568815271,-34.85773024766469,35.811021731517954,14862.098316267842,0.4001422735422651
C34,56,8,0.9,30.0,10.0,1.0,55,504,screening,False,True,2,31000002,504,56,0.8479317744087929,0.003044750943092371,0.020510124582750935,9.230213899165392,38.416591322905084,25636.46130846962,5323.640937192598,-36.26992728968986,35.477371953303766,15739.065806218036,0.4005399299706607
C34,56,8,0.9,30.0,10.0,1.0,55,504,screening,False,True,3,31000003,504,56,0.8487101192943706,0.002925376502029121,0.010454478984944837,10.532304698601365,38.41819667939696,25659.793241358428,5240.358514406429,-36.565319887672814,35.573012060408985,15534.611386153903,0.398981603798992
C34,56,8,0.9,30.0,10.0,1.0,55,504,screening,False,True,4,31000004,504,56,0.8468966898245767,0.0027733247231584656,0.009901827271876452,9.262575099244714,38.42955143330541,25573.181687045377,5412.327251513467,-39.8393266796203,35.41602282769607,15973.592124213543,0.399515016084884
C34,56,8,0.9,30.0,10.0,1.0,55,504,screening,False,True,5,31000005,504,56,0.846678399998949,0.002949565603158342,0.00987532794848476,8.837074398994446,38.43251356607108,25582.555099893576,5197.461863906569,-36.233399690249286,35.61182404762329,15424.258115972743,0.3990362841901941
C34,56,8,0.9,30.0,10.0,1.0,55,504,screening,False,True,6,31000006,504,56,0.84878120439564,0.0030589900620695966,0.008309158500574461,8.056877300143242,38.41731679323185,25657.481905728513,5308.8576556958915,-37.09588093868604,35.51074037866606,15710.122159892542,0.3990500420658947
C34,56,8,0.9,30.0,10.0,1.0,55,504,screening,False,True,7,31000007,504,56,0.8412855668585124,0.003130975089950853,0.006071136396028568,7.780655199661851,38.42762536135809,25398.404638390817,5269.958490552102,-38.08773231983446,35.55386836928624,15613.95087372432,0.39843324676510977
C34,56,8,0.9,30.0,10.0,1.0,55,504,confirmation,False,True,8,31000008,504,56,0.8481152633112173,0.0026467563477782256,0.01011907978618362,8.1600576993078,38.39036596244105,25630.06871607734,5143.1108574212085,-38.51002327009243,35.65305547870294,15280.634727729814,0.3997505920785786
C34,56,8,0.9,30.0,10.0,1.0,55,504,confirmation,False,True,9,31000009,504,56,0.8482368444644789,0.002701127934786373,0.008264876078328223,8.94247329980135,38.40752096909632,25628.8380624498,5330.0347177820495,-37.476324428986004,35.49421481831276,15765.449771835092,0.39890579970273365
C34,56,8,0.9,30.0,10.0,1.0,55,504,confirmation,False,True,10,31000010,504,56,0.8473769608806639,0.0035324335896435534,0.016567066065922096,9.25349829904735,38.413705970761576,25635.55652849643,5001.708301275669,-36.15270831804379,35.798067237861844,14920.957506103176,0.399505599636957
C34,56,8,0.9,30.0,10.0,1.0,55,504,confirmation,False,True,11,31000011,504,56,0.8433706784366978,0.0032972024234444097,0.010103146318675576,8.776475500315428,38.28491758473841,25492.977270222047,5235.422740316426,-36.4692138356651,35.57656213714853,15521.528536258977,0.399049782390155
C34,56,8,0.9,30.0,10.0,1.0,55,504,confirmation,False,True,12,31000012,504,56,0.8473454647675911,0.003475547080933795,0.013727075363337723,8.28179720044136,38.33680583893113,25630.57233564104,5139.382072942475,-37.815900663362896,35.668143462665,15276.018090596737,0.3989526359901152
C34,56,8,0.9,30.0,10.0,1.0,55,504,confirmation,False,True,13,31000013,504,56,0.8449717854694544,0.0031582765912563974,0.013784919080160652,8.859724899753928,38.430462338547585,25543.070322168052,5511.542452479829,-37.978432025022926,35.312590376924206,16218.903414120705,0.40127455365290743
C34,56,8,0.9,30.0,10.0,1.0,55,504,confirmation,False,True,14,31000014,504,56,0.8474950073981573,0.0028554063532134108,0.009794348456397976,8.317227900028229,38.40662057220429,25614.860118428038,5223.714822904008,-37.73989422404959,35.59639401521193,15495.450921599504,0.3984047920923459
C34,56,8,0.9,30.0,10.0,1.0,55,504,confirmation,False,True,15,31000015,504,56,0.8473898343626737,0.002794321306834437,0.011655915684727796,8.839323699474335,38.3975737509868,25606.251365786055,5407.891169189364,-37.58121156566685,35.41568724427136,15960.34852492229,0.3998144099641239
C34,56,8,0.9,30.0,10.0,1.0,55,504,confirmation,False,True,16,31000016,504,56,0.8481741922970768,0.003082669662512408,0.0082170318975427,7.895064098760486,38.41104358744738,25629.308118935747,5147.140941010469,-36.74729970451173,35.6662323406536,15298.260391014148,0.3985667669423514
C34,56,8,0.9,30.0,10.0,1.0,55,504,confirmation,False,True,17,31000017,504,56,0.8475248571098736,0.0026998970548483387,0.008102568594677477,8.128252999857068,38.425847439340025,25595.355860283682,5357.187906345786,-37.293538091695794,35.46386778281004,15832.216966526326,0.3994134979927152
C34,56,8,0.9,30.0,10.0,1.0,55,504,confirmation,False,True,18,31000018,504,56,0.8481530556101484,0.0032637644698137024,0.006688548398213502,8.27794859930873,38.302366019347375,25633.4020083502,4900.997787499744,-34.34057166638016,35.882417508501455,14654.970734942306,0.4010446852467618
C34,56,8,0.9,30.0,10.0,1.0,55,504,confirmation,False,True,19,31000019,504,56,0.8482026330185987,0.002792666065778162,0.01551203199193122,8.962789800018072,38.42500007128456,25637.85857379703,5383.194337234805,-39.0748791209696,35.44843348855486,15902.150534952763,0.3989215725415564
C34,56,8,0.9,30.0,10.0,1.0,55,504,confirmation,False,True,20,31000020,504,56,0.8480376866044615,0.0029132861935861317,0.004154474383911157,8.598259199410677,38.10769427835045,25658.28431592143,5004.691604874258,-35.79963929678627,35.79541053198393,14928.749215203965,0.39947559826022827
C34,56,8,0.9,30.0,10.0,1.0,55,504,confirmation,False,True,21,31000021,504,56,0.8471469444764242,0.0033463644714383954,0.018420620288409705,9.747465400025249,38.428743633336815,25620.743589640373,5625.8240698388945,-38.98996601831087,35.20956924392253,16506.903511759887,0.4025150653704145
C35,36,13,0.9,30.0,20.0,0.25,35,504,screening,False,False,1,31000001,504,34,0.8443161790378144,0.005262655494722972,0.015495941675465225,9.582706300541759,38.00691615060364,25639.050409287684,5399.4453135639005,-38.59045172634153,35.43428613482216,15943.79085084565,0.39895645389513545
C35,36,13,0.9,30.0,20.0,0.25,35,504,screening,False,False,2,31000002,504,33,0.8271106277388024,0.01035978548975443,0.04503233097381613,10.10914359986782,38.43248671971979,25302.659392475198,5395.467539383679,-37.966875899127416,35.433947963896614,15931.893002617882,0.39922881395796583
C35,36,13,0.9,30.0,20.0,0.25,35,504,screening,False,False,3,31000003,504,34,0.8066721704245439,0.008553716825682303,0.014591337811288926,9.115461599081755,37.95207739665081,24303.44737946595,5319.214058850723,-37.01318430929436,35.498735849305,15735.447900087609,0.39926324415157516
C35,36,13,0.9,30.0,20.0,0.25,35,504,screening,False,False,4,31000004,504,33,0.8423296285873729,0.007409925301071093,0.026943276453342286,9.19272300042212,38.24291704350998,25600.043799460935,5359.398339718108,-37.25452702535375,35.460894355536155,15837.42152783164,0.3994932089213202
C35,36,13,0.9,30.0,20.0,0.25,35,504,screening,False,False,5,31000005,504,35,0.832503402986458,0.005838402521123378,0.02420044789737595,10.040070099756122,38.11061698673238,25208.640273589906,5056.760740540071,-36.59552066011334,35.74825253306687,15064.19666267706,0.39905546934379893
C35,36,13,0.9,30.0,20.0,0.25,35,504,screening,False,False,6,31000006,504,34,0.8181556906202416,0.00756749886289063,0.024547466881563784,9.116984501481056,37.690268193021545,24803.804091558133,5215.607450956116,-33.85660748464268,35.51054816670023,15434.089967148147,0.40504732879885297
C35,36,13,0.9,30.0,20.0,0.25,35,504,screening,False,False,7,31000007,504,32,0.84522010009155,0.0049529523569862375,0.016009872470215104,9.06862029992044,38.15644286895416,25622.328734951465,5255.7478839163905,-39.642223671113925,35.54215713196725,15566.718094680058,0.40019090988908285
C36,56,8,0.9,20.0,20.0,0.25,55,504,screening,False,False,1,31000001,504,53,0.84415815935099,0.004582673177040247,0.025899299950968527,9.614883800968528,37.867111152693795,25643.074323614183,5225.268577716938,-38.95837488723008,35.581017585784295,15493.364429516036,0.3993945285111887
C36,56,8,0.9,20.0,20.0,0.25,55,504,screening,False,False,2,31000002,504,53,0.8385154462602336,0.0050739475770134,0.010654165960695208,8.825902501121163,38.400127259412734,25364.187698511945,5708.878104785564,-40.98745761978218,35.14404686193846,16719.423303639855,0.40294872280995286
C36,56,8,0.9,20.0,20.0,0.25,55,504,screening,False,False,3,31000003,504,52,0.8399128509273258,0.004191162485549498,0.008130311738664448,9.483967000618577,38.30221105290707,25429.15596916812,5255.108379430914,-39.621421068971756,35.54317546790025,15565.269936078821,0.4001591637280498
C36,56,8,0.9,20.0,20.0,0.25,55,504,screening,False,False,4,31000004,504,50,0.8446801785153816,0.004099987227457572,0.005434810568955505,8.960389299318194,38.24664179584376,25591.800703860798,5298.590988935543,-38.07004704049517,35.527863414822306,15687.301412159186,0.39846569572844454
C36,56,8,0.9,20.0,20.0,0.25,55,504,screening,False,False,5,31000005,504,53,0.8435599216503462,0.003778469815425866,0.010947009000399644,8.737562200054526,38.36424180042012,25513.06697316743,5341.892877009157,-37.65621835925731,35.48428544975664,15796.10430748456,0.3988804510174451
C36,56,8,0.9,20.0,20.0,0.25,55,504,screening,False,False,6,31000006,504,51,0.8329097567041361,0.004221369957309819,0.013736152341835695,10.9453384000808,38.41271863751634,25139.028390062158,5184.053335763095,-38.79618131814115,35.615901939288925,15386.227937881837,0.39963240259545
C36,56,8,0.9,20.0,20.0,0.25,55,504,screening,False,False,7,31000007,504,44,0.8349472010562599,0.007342604733771341,0.006519845654171441,8.990874700248241,38.183890034475375,25284.512984837675,5010.038371794309,-36.2498186232056,35.79044998342885,14942.627313396957,0.39943587573485206
