thermal_efficiency_percent,net_specific_power_kw_per_kg
30.811117176454573,25675.89839259649
30.81143384088253,25675.539398195815
30.8114577812448,25675.47566807149
30.812092850376104,25674.280166938504
30.812185172394713,25674.063315176045
30.81234477560555,25673.70291958125
30.812647201141257,25672.500084975956
30.813775205171183,25671.50031609466
30.81509592123102,25669.052240893434
30.815375709106863,25668.779310510392
30.81596525894262,25666.955827062575
30.81634574622197,25666.43787416612
30.816374357249842,25665.342578173695
30.818933155007656,25662.953474116144
30.819807015802965,25659.558891231845
30.822178275993124,25657.196855726805
30.82390039178169,25654.527447277975
30.824953875968735,25652.610164274483
30.82725683097907,25646.701532426745
30.82921148699515,25645.666948921975
30.829481248618464,25644.688163129318
30.830231646341424,25643.615276104527
30.83076852948899,25643.054095303192
30.831214452581037,25638.080823497956
30.832995603443266,25637.85857379703
30.83665140949689,25630.57233564104
30.837196392442323,25630.06871607734
30.838555738885553,25629.79413228068
30.839709505601746,25627.79554338933
30.840265292637508,25627.16810724358
30.841054085329173,25624.728703678844
30.843157445510027,25622.08002876251
30.844355276322048,25618.188947407547
30.84522448903772,25614.860118428038
30.847924661329913,25608.188833884684
30.85160682607522,25606.318256451676
30.854180576068835,25599.145928864487
30.854345600530586,25589.002370596856
30.86067766578053,25588.63646070256
30.863998084269426,25585.91580005357
30.86649399018594,25575.53078780188
30.870633149782133,25574.666055379806
30.875540154052477,25567.615784492107
30.876328732965995,25563.845551659928
30.88115856440027,25558.06689424078
30.8816961056252,25556.970867016378
30.882124483326507,25552.814511163844
30.883317287906348,25552.013047967015
30.886080828674555,25544.071700536962
30.889055593415627,25542.102481356695
30.89592888295048,25533.35762335967
30.90101670190307,25524.992549159742
30.903945208989064,25516.398834874286
30.90523889975591,25516.293300132358
30.908328735861986,25507.765459919465
30.910169005720523,25498.805115101244
30.914126019843124,25496.595675338198
30.917884969215017,25495.22396115628
30.92074490578085,25479.057546993405
30.92982923633148,25476.32310704532
30.93164879818156,25473.153174117026
30.934608000076118,25468.095542577095
30.938719147307236,25461.29306191859
30.93880627093811,25460.65250740519
30.939360675421128,25458.448664049243
30.942792708140544,25447.1366716589
30.95283879440175,25432.621200880174
30.958144286428528,25427.186188695825
30.959420041013935,25425.204511204716
30.963723493164746,25418.632453105627
30.967422051317968,25412.642929945796
30.968470168283385,25408.24108414393
30.96875364374029,25407.778855819008
30.977950951038746,25394.662648683876
30.98132532434999,25380.605013913617
30.986256510770588,25380.53377398579
30.992148100047,25370.55055582501
30.995348880100188,25363.499891671097
30.99642522116275,25363.27594988992
30.99822764503606,25358.280400155072
31.00013854711982,25356.111803121923
31.00389671818538,25350.706235498314
31.00391456918311,25349.954098080307
31.00883197052098,25341.64296064695
31.010149171647996,25338.073839325105
31.010647722625944,25337.25850673897
31.013078327606685,25334.921375819882
31.013535669639936,25334.0951839205
31.023389924115648,25317.25603847159
31.02621416018038,25312.651842455147
31.026264946965647,25309.816939664262
31.02793047934364,25307.45761822083
31.03097321713421,25304.58502421393
31.032723168711186,25300.529128542144
31.033742916727405,25297.36055807048
31.03613483472226,25294.532292273834
31.037283379698422,25291.072577357132
31.03886419786711,25282.228934098664
31.047848334456944,25271.243040870184
31.0518510047035,25268.89649153298
31.05185558217559,25264.276032422284
31.059175581479558,25255.321598220035
31.06383096986746,25248.146406113287
31.06554872967805,25244.381385009518
31.06674076576728,25243.09936266237
31.067534393171403,25232.637399571886
31.0743888719957,25229.069368097742
31.07495055538086,25224.940965789065
31.076168225544055,25222.27783828664
31.078981492655018,25222.251762886954
31.080318606323168,25219.724242717628
31.083626158246787,25206.942853817483
31.086194904640596,25206.87328312688
31.08783489693866,25204.49537244334
31.09222610106897,25198.887439629947
31.093237481045115,25197.283038948906
31.09406878617527,25195.84133996152
31.09532527553197,25193.98461825631
31.100252624426858,25183.706435937358
31.10935946633633,25167.514366325224
31.11203090118365,25165.627835263203
31.11573330345843,25156.805550224522
31.11902996428264,25152.592887615596
31.120668243949833,25148.759062580357
31.121298540647764,25145.193391713205
31.12227405550184,25143.07388945408
31.12598715188642,25141.37007589212
31.126721728841154,25139.866534520268
31.13005542004712,25131.653704632972
31.133852087863715,25126.27422864243
31.13798344014559,25120.043303579336
31.145918589084857,25107.06497278333
31.146065838502697,25103.4203870133
31.149711628852074,25099.779973039036
31.150561040707167,25094.697612679316
31.15637665282593,25088.111346810972
31.157473358729384,25085.492357073977
31.160246763286274,25077.263743716507
31.162296758653703,25073.51052527119
31.167388814728003,25070.57466011574
31.171565535399846,25060.710693385117
31.173691235218513,25055.616326389907
31.17597146962952,25055.458382141973
31.176482193976778,25053.273244481243
31.17725032164419,25046.051504772007
31.18205750751973,25043.981855702386
31.182949593555726,25043.68060900739
31.183332502055077,25042.997047113455
31.191859350817317,25027.815838074803
31.19429348227768,25020.24422299658
31.195927978381903,25016.970882521113
31.197706811992198,25015.600338918728
31.199263898750715,25014.279012134717
31.201143232347476,25012.19659345258
31.20525671971148,25003.246546189555
31.20665902112733,25002.60488678035
31.20796584063108,25000.111601908702
31.21196205720414,24993.02609605749
31.21440213725466,24989.312150899194
31.214747274456293,24988.71546413313
31.215032400986253,24988.226907934164
31.21527907686774,24984.664563050846
31.222279844325907,24970.50843345809
31.22662384096076,24967.10170082926
31.23019854891333,24961.8143506555
31.230743768897717,24960.301438619957
31.2385309361784,24946.12671398081
31.24028614145044,24944.236994716943
31.242785323406707,24938.221477064
31.24511910139425,24935.92555236814
31.247010090077197,24932.732735896672
31.25072237647752,24925.090866796727
31.252523038866297,24920.975522233566
31.255958335702154,24916.63074774889
31.25780216503774,24913.49783860397
31.25854697359528,24909.89331774251
31.26061648169816,24908.959067648157
31.26291953196496,24903.790975867363
31.262980163757426,24903.304162089273
31.265627505029343,24897.382891922698
31.269695473078656,24891.398350525655
31.270737736492855,24881.17578962178
31.275196617448124,24879.54899950629
31.279834927007105,24875.184706346477
31.280157336602453,24874.02518841084
31.28361074731024,24869.067275421992
31.28638676264717,24863.11499553996
31.28854816234216,24860.47678844839
31.289102570710835,24857.67738718189
31.292910865670265,24852.631556891523
31.29682512252807,24845.4803603698
31.297458554485395,24844.90448677541
31.2979157105101,24840.073484774217
31.302192075327383,24836.64078925655
31.30498411880484,24831.211150517807
31.30726825636045,24824.771862341684
31.308967022536443,24820.825447885985
31.31389560945071,24815.93734198851
31.31505052952251,24813.678672036844
31.317169791687625,24801.85822376118
31.32289406879736,24791.975110079944
31.32825375180743,24790.898277208584
31.332378497607,24782.705062978977
31.33490912361917,24778.213183266074
31.336063321389297,24776.62192189781
31.33745096823709,24774.3581209106
31.338979353616985,24765.328257216464
31.34065139630814,24761.228030999333
31.346378463328893,24759.395164567497
31.352890366673215,24747.784879244682
31.353137023211282,24747.398253310184
31.359107990079956,24733.906735466393
31.366908001076833,24721.103380472225
31.36702712061501,24717.562870223093
31.36844651576653,24714.440042477494
31.371958563649798,24710.871951287165
31.374412114838446,24708.844021271692
31.375167008713007,24705.360089613183
31.3797171940637,24698.62457244627
31.38383416287943,24692.72758811298
31.386087430019337,24689.6763902909
31.3944334244033,24674.72948330939
31.402863599436508,24660.2247622538
31.404530157742705,24656.884718679492
31.405978790718507,24653.218855055307
31.40816356629092,24648.61515539548
31.410464572911046,24643.350033887644
31.41345879384556,24641.269158263596
31.4216169307314,24627.173027597866
31.425419336887906,24620.19787045031
31.430321182774,24611.18343820042
31.435405686309558,24596.74679018224
31.440956261793936,24592.172630288205
31.442930079905096,24589.559495352576
31.447784862342733,24580.52242050088
31.45036951491433,24575.32066117885
31.453698627445505,24570.39159323714
31.460016195917877,24558.011681161897
31.46844956618523,24542.970881408004
31.470420886618445,24539.350158032586
31.47087962843581,24538.970736350402
31.472334287594105,24537.546210530916
31.475423209928998,24526.33346028007
31.481080356469597,24521.44370116102
31.485646380175353,24513.339253904636
31.49267496107027,24501.45302812369
31.49297941611293,24499.555806977205
31.497039911192488,24493.64924650621
31.50768032428074,24471.46965087955
31.511002787830993,24464.483692607188
31.512320363226898,24463.64513009646
31.513500896863444,24461.756783698384
31.51438955757907,24461.467470882857
31.516853803697188,24458.00575289893
31.524080788761133,24445.499537577583
31.524863234904092,24441.791034286765
31.529004120041154,24435.472439390942
31.529741038589943,24434.101029026075
31.532709819204236,24429.771044626184
31.533567381923127,24428.83006232216
31.535328287383635,24415.979111250967
31.54026190057642,24411.705702542684
31.54198324664133,24404.359231135786
31.550396903734296,24398.826112253653
31.558781123150233,24383.873840981225
31.56037098957566,24379.175390799282
31.56159399981153,24378.413524228243
31.562636835781515,24376.627555082086
31.569169496930577,24365.316931380836
31.56927075723182,24364.830546299218
31.57010332874311,24361.12684381048
31.572556729805605,24357.335547351395
31.575210972139473,24353.573170937892
31.57956540478648,24346.71314746587
31.582037979639654,24342.322175885118
31.586966453316883,24333.216422429556
31.588388719793727,24330.89190602868
31.59400606861542,24320.927174484914
31.594974233940903,24318.68473738329
31.601656162064646,24298.93860851782
31.609253104196245,24293.400900737695
31.610585539722397,24290.836212174352
31.61393585586717,24273.60233740726
31.61628548270653,24273.475897940465
31.61810397245069,24271.4412438863
31.618277758670764,24261.613974885087
31.624551645425825,24259.619870095015
31.625307546644905,24257.285806960776
31.630418324680065,24255.568407039504
31.630973809127212,24251.765445447774
31.6336970844685,24249.78779563508
31.634542573048627,24247.782576775957
31.635174177548425,24247.00377152884
31.636582969487538,24241.396342022785
31.639393761026074,24238.511743474824
31.640928339344654,24228.49990578963
31.648321547905866,24221.041861785438
31.64914456540582,24218.63003922381
31.64971434761111,24216.739826543217
31.65907753115309,24200.22190127609
31.660967436501185,24197.41794535129
31.664450137724597,24194.25842859482
31.668017916283063,24188.0363054719
31.6684971580204,24185.406970749467
31.681739507388393,24162.467460439886
31.682999422909,24160.516369525514
31.684646934717637,24157.533352188588
31.686172717775037,24155.179156171424
31.687034179446044,24152.739554740125
31.688601528512336,24150.90361867444
31.692347894488094,24140.25142126954
31.697099568760905,24131.963812962822
31.698976938891676,24127.439035232244
31.70441689754679,24118.713464885128
31.706064884540464,24115.774249613263
31.706977707440092,24113.189337178996
31.710302440829814,24108.1860818964
31.711604639574,24106.118820707536
31.712216504827072,24101.924102937264
31.716476813279442,24100.432627743532
31.717736919971983,24096.9509649118
31.719865503129647,24093.107871607328
31.723637650225278,24079.03648488121
31.72940991843143,24074.776467022606
31.730688253412474,24070.21455457983
31.73290120932753,24066.472880852274
31.738305120604387,24060.990808537863
31.741842742053706,24054.468661087343
31.74381545288414,24050.543076532296
31.748107462989346,24041.959060021145
31.74825866403487,24037.261208487827
31.751458166731695,24026.02119933521
31.75807583900972,24022.153399801526
31.764280435258136,24013.779270345854
31.768191445227238,24005.615550726492
31.772669505094303,23997.593642132902
31.77429499440575,23993.683045539878
31.78309385401186,23979.684607850726
31.790049009978333,23966.5799989045
31.79158124621772,23964.26550090596
31.794141648759748,23959.554736571157
31.797379701399763,23947.310750530334
31.800962017482103,23945.980487005694
31.80432226267162,23940.349342865688
31.80611187304653,23937.72913926513
31.809147550113654,23924.186867488585
31.81057021696351,23923.754176259314
31.81473352679733,23921.702761489738
31.815884689974474,23918.535438663846
31.81669597973471,23913.778040691042
31.819353954111417,23896.229627230936
31.827617919148466,23896.190411234085
31.83145922521681,23888.639577374783
31.833020122811156,23887.697492559357
31.838841518073437,23878.012555892758
31.84797466982266,23858.550831245306
31.850423472131524,23856.545251401698
31.853364934958485,23851.155916987038
31.85384245617049,23850.517089956662
31.853996678005064,23847.595256848806
31.857259419640542,23844.31982581372
31.85765493139693,23839.770255191288
31.859725368509707,23839.63747402344
31.86597133315309,23827.58246111162
31.868387397607457,23823.703729200537
31.872965312492887,23814.784848817024
31.873120993087227,23814.765652163496
31.877521301778373,23802.228147984773
31.882774518913408,23797.51261307024
31.891031994671863,23782.35542265196
31.893455669637312,23777.91151308677
31.896056224513476,23770.595828695143
31.89868321372802,23767.987431026668
31.90152723677614,23756.837485647568
31.90806254092309,23749.80094419578
31.910324858568757,23746.89674920648
31.911455420170228,23739.136541826683
31.915878281269222,23735.379176451625
31.918521165964343,23729.326358207658
31.920212709054972,23727.517650156635
31.92225993856966,23723.485777393238
31.922719474301793,23721.675070043937
31.929323322520258,23711.8482040753
31.933291314067848,23704.56087386353
31.935497230790467,23699.70476054612
31.937327183445106,23696.407337818167
31.941598229190355,23687.631085699144
31.94431592744649,23682.408043339132
31.949760237463394,23673.789819273923
31.955577441608035,23657.77752249979
31.963612233978765,23646.937450561298
31.96436342544753,23646.896379181417
31.96636471951991,23642.866482751157
31.96816089393511,23640.19100218095
31.971146741736874,23621.18920987762
31.97320628379473,23619.61442993869
31.975619887090257,23614.68940236244
31.981031610751494,23614.19188570707
31.983741756000516,23611.263386288316
31.98787906361883,23600.455946625407
31.994504926794498,23584.376278426542
32.000195250542404,23580.2230712431
32.00067789664446,23579.93845511858
32.00098569476259,23577.128079748254
32.00598241182027,23566.496277416903
32.01079018090457,23560.618453019062
32.01164518277854,23557.119503826834
32.01252025673719,23554.49598403665
32.018796982214894,23538.50677247334
32.02080198828005,23536.343878223757
32.02706529694023,23530.88333895023
32.02743804860469,23528.738963162137
32.03201524228936,23521.473482740566
32.03224685336512,23521.219604116694
32.032971926389266,23513.246578350183
32.03526377036383,23512.31681162642
32.04319857685046,23498.094286270076
32.0438897293399,23497.196787229346
32.04691321189087,23491.12459380339
32.054074319046386,23479.779402457996
32.05470491999524,23479.20732494626
32.055465022129006,23477.236738117004
32.05553874565393,23475.441965663646
32.059413214105916,23468.899107565663
32.06415550182488,23461.865318438617
32.06732915753741,23454.848982047406
32.06893209875323,23451.599316248612
32.07275115923088,23440.2262760209
32.077511080285056,23434.46440603122
32.08200926266545,23426.849536849553
32.083658998926644,23418.920961430566
32.08646361885766,23414.919052674893
32.089649743837526,23413.02263801398
32.092303153940364,23407.90076845915
32.09479919716818,23404.4580078586
32.09553625294221,23394.255648491446
32.10247818523321,23389.907553742578
32.104571561174566,23385.97140170115
32.104580979773566,23384.56812716357
32.108754684076075,23377.791136343792
32.11149860604942,23373.167211750308
32.11445385861953,23366.779352709906
32.11665342725422,23363.52852881962
32.12055977851554,23356.23237887378
32.124428385478225,23348.887747009794
32.12643610273191,23345.333549600567
32.12876386815397,23339.808086362904
32.134872614984,23329.091869426193
32.13697430619912,23323.713605234105
32.13949262991976,23320.832553353208
32.14572577225677,23307.49656349529
32.14980936042118,23300.980786203138
32.151670118822715,23295.645206347097
32.158737287476505,23283.50608687196
32.166340683113035,23270.2629719001
32.16727320704978,23263.396327428156
32.16875605548829,23261.047831514818
32.1717988145844,23258.160861034597
32.175447765592445,23247.71246903066
32.18060544673427,23240.01837461478
32.18315359713662,23238.615750203026
32.19417689372057,23217.763585249242
32.195515553570424,23214.500554665465
32.196208463823275,23214.032411735792
32.19729935298679,23208.117810883316
32.20509329233451,23196.443642157814
32.205739037981616,23193.18744713641
32.21202551114018,23180.910099384608
32.21344833464776,23174.198849108794
32.21819576546373,23172.331519968757
32.220593049804705,23161.784714191625
32.224977576502134,23159.040963812593
32.22616931374222,23156.84813218046
32.22879241962326,23151.14316250884
32.22885728078208,23146.544433389765
32.230790027528144,23145.9365323707
32.23270175200753,23144.908653269264
32.23320937403213,23142.340723582194
32.23494146229418,23139.764758170822
32.24019536833228,23129.16059550981
32.24199641729496,23127.40477002209
32.24351489827647,23123.849247701964
32.24535928613629,23117.419145699783
32.248184741800074,23115.468169633208
32.25081196679162,23105.440752915798
32.254033110890624,23102.90370064777
32.25910035411581,23089.79853525285
32.262775705315924,23085.74908313397
32.267689703788186,23075.329998269557
32.26966953733231,23071.914679047393
32.2701432544585,23071.642632895862
32.27297912395636,23067.87550215473
32.273082333277046,23067.72494790091
32.275972803516886,23062.01215408685
32.27631803505845,23046.00255095239
32.28560673860395,23044.279746675384
32.28860254466264,23038.610951521423
32.28950586049392,23037.033287395952
32.2946168331338,23027.03140167097
32.29633194969239,23023.4351148518
32.29880027999029,23018.78779716432
32.29914745569699,23018.74922831138
32.306163433524745,23005.145050539737
32.308810764103974,23000.298025256365
32.31275982478388,22991.046611786183
32.31645167841564,22985.701457059306
32.31680046320666,22984.29470817424
32.320879183123424,22974.453763986145
32.32623472201763,22966.775764979713
32.327742298204306,22954.61533613818
32.33590042857295,22948.19183529663
32.33798844091483,22944.60850010987
32.33899182619427,22940.809899824882
32.348006562306665,22923.70448601153
32.348881616717215,22923.200666606343
32.35322048375191,22915.45983239315
32.35383408453071,22914.272060959902
32.35498004883793,22911.270434741404
32.357534074665935,22907.17805633172
32.36336361651135,22892.415907378516
32.36895150066482,22884.40930736957
32.376216170479005,22871.325403511342
32.37647627031407,22869.328824140783
32.37853205254438,22865.52191793876
32.37879278117276,22862.80765155945
32.38171720051273,22859.828401846593
32.38200267805064,22859.32086021501
32.38378153213852,22856.688793507798
32.387012259375716,22846.2635111362
32.3912512166765,22837.105201269795
32.39415409637844,22834.97448415515
32.39844749249529,22810.048585651322
32.40879895142643,22808.73864359086
32.410157318946844,22806.123817788746
32.412751164059465,22799.389456500372
32.416764673748595,22790.17137393448
32.4194671917548,22785.604031727293
32.42079827908581,22785.589927580248
32.42232185849438,22782.443593891727
32.42765297673249,22771.44192665565
32.42944733035411,22768.6875550833
32.437899620321566,22752.581247056278
32.44203750658954,22744.564454723873
32.446372385160124,22730.00380880587
32.44911102676256,22728.814723108655
32.45330352066461,22722.357808392484
32.453519422194184,22717.590031391806
32.45565482014144,22716.559297429492
32.458605462586455,22704.94875949939
32.46066206002452,22700.38088252377
32.46593855315753,22697.878385343938
32.472893576279475,22684.487420053152
32.47389160896198,22675.31075181155
32.47562468036105,22673.52504104747
32.48762649788361,22645.88104693347
32.488841688212936,22642.364686699228
32.49227839086867,22634.79871136325
32.492721895046,22630.22674900475
32.502322839385194,22624.93153095528
32.505658137337264,22621.015808251323
32.511399164232195,22610.137452457442
32.51452863408228,22602.844266185635
32.51641285950486,22600.527462467344
32.520432417641906,22584.58260159807
32.52596820533705,22581.94661231149
32.52685797945361,22554.999993803554
32.52728715730529,22551.621294759258
32.52856119219491,22551.548870237522
32.54242550414461,22549.80792471101
32.54414666847682,22545.94310490111
32.546249813826606,22537.88779662498
32.55332737987231,22526.378046523376
32.55566053659298,22523.493951595403
32.5629739782637,22504.847419041897
32.56460782229003,22503.305900124906
32.57249685727883,22490.84332394102
32.576282068473375,22483.7917299929
32.577741207045996,22480.477839496438
32.58101391285649,22473.765025695957
32.58553702703538,22465.690383378467
32.590951487867045,22452.160909188315
32.59187471407944,22447.631293201845
32.595723346858435,22444.829575256972
32.60280338598942,22431.761883535364
32.60547569914792,22425.22151070521
32.60607374565388,22424.721250461174
32.60717466979344,22423.091330378727
32.61055627586435,22413.536490373874
32.613504928337996,22408.552651312388
32.616998372606865,22402.692888969766
32.61701854308933,22401.721929790565
32.61862093787276,22398.83630315071
32.620266890208605,22397.48615753941
32.62374387957871,22389.813299336478
32.63033450915427,22377.63734268178
32.63036736249915,22368.2620641716
32.636347581254746,22360.933230574195
32.641292052658926,22355.938832591062
32.642161462629424,22349.751405793475
32.64397894312198,22348.588540366483
32.6446224641704,22348.48538296247
32.6450065796211,22347.518801371167
32.6469618973529,22342.862881943158
32.65221179199393,22332.064283710704
32.6570444505254,22323.305338213686
32.65993354188241,22317.44492286142
32.66108908422501,22304.23952905086
32.66606907749237,22303.075261083566
32.667396530523284,22302.4519473265
32.671918750753285,22295.10542431023
32.67347603520728,22292.78048179815
32.67490354764549,22287.323684735064
32.67608834824207,22283.6995329282
32.68041652269103,22276.360093790423
32.681789140404845,22265.538741102853
32.68822712415011,22262.65683654846
32.68943818187775,22260.485695023614
32.69246818249401,22254.612277017335
32.69389101509794,22250.08747639531
32.69734510930484,22245.23085593479
32.700409075924384,22239.585005745626
32.70058806908053,22238.41349183283
32.701498968654846,22237.214200585302
32.70363137844017,22232.750153488505
32.707867033650565,22222.71103464911
32.71061986892019,22211.737741471534
32.71539536486516,22209.94720602073
32.71735330931853,22206.104230953664
32.719333233433176,22200.64593491442
32.721722052866276,22196.843440279223
32.72238103408374,22194.93135367632
32.724278858042176,22184.306735828937
32.72591757522484,22183.94167276617
32.72986047071392,22179.83481759231
32.73312678224878,22171.55709589187
32.73515372738808,22170.431786322868
32.736458539060706,22168.216467694983
32.73665900452008,22167.789469547253
32.73687546891828,22167.34358987861
32.73826910664715,22159.38305774929
32.74172990521126,22157.5458346019
32.74764888967455,22145.97606846599
32.74817475926906,22143.792727867527
32.74954362424884,22139.847970833143
32.75418044577268,22132.79742923581
32.756202410045375,22122.596479295793
32.7591945902312,22120.22762723418
32.76107409463829,22116.131742321995
32.76424140047553,22112.928972875765
32.76541714594449,22110.43494219418
32.76632861281994,22108.842118857585
32.766916603281224,22105.582566945737
32.774142374943416,22092.16574782223
32.779552224056744,22082.10737227846
32.780321441065645,22079.71832359615
32.78223795694256,22071.554416067742
32.78275367250049,22059.148000313286
32.791288145052384,22057.824807143395
32.79571603814632,22045.330723488667
32.7992526484017,22039.756970501516
32.8063291561504,22028.931405547642
32.806929775737125,22027.637191229867
32.807681139174285,22022.504540791306
32.812366646981815,22012.432151324298
32.8124309415772,22012.18736451967
32.814975615991045,22011.72882061701
32.82081564670966,21999.95340053582
32.82268228379946,21983.223155495205
32.82971545107639,21981.09911325213
32.83390657941992,21973.801495270596
32.83404692335715,21972.810001026293
32.83981725329676,21958.91753257036
32.84356536968275,21953.69811475959
32.84409286939022,21953.153259408955
32.844390525911535,21949.309260576898
32.84678149414526,21948.054386734937
32.84764736934716,21946.30104451498
32.84873900270701,21941.376046261583
32.85486130872338,21931.32669841227
32.85745971859087,21924.792502331704
32.86089878342905,21919.396881478995
32.86284765399052,21911.69332476117
32.86917544458466,21901.146577763255
32.872582931369905,21891.032075264735
32.87469474620332,21886.355578058938
32.87988406165357,21881.53465398147
32.882826287367756,21872.36091418982
32.88493978535141,21871.299321365183
32.88670724927144,21857.60917020497
32.89132345665247,21852.24194443728
32.89252470856332,21851.045077458155
32.89285150012554,21849.42869705165
32.89753088322698,21845.341781868385
32.905740250441696,21828.909965956514
32.90863655521592,21819.866164192266
32.911653111973386,21815.900683603948
32.91471396623066,21810.491076663413
32.91580863275379,21808.637345722913
32.91940825160469,21801.625427784053
32.92247083629846,21795.565311933773
32.92895120523264,21777.976585626504
32.93244190781056,21768.113827449346
32.93674384447297,21766.157253323923
32.93755806176107,21765.13442900559
32.940082136214095,21758.785857122475
32.94749870640766,21744.62135797469
32.948313096128345,21743.345253749987
32.94854501264752,21737.63494538642
32.949908640368385,21732.188156230815
32.950335624321525,21731.359320410364
32.954458192100276,21728.461899193862
32.95866150660177,21720.26475655476
32.959287532128414,21716.391714151618
32.9658779336034,21707.72351888511
32.967784165467,21700.238519424576
32.96918400245596,21697.51259478044
32.970853619301096,21696.785642633764
32.97502403727919,21687.20251867912
32.97768495807446,21683.59587881739
32.979384791933526,21673.868229145493
32.98436454380608,21670.182588575935
32.989179358782934,21660.16942546129
32.99393920026461,21650.593912143126
32.998339462923326,21621.773370346404
33.005479665922905,21614.90943723165
33.01507267591954,21607.197733491725
33.015962034604016,21604.5457303941
33.017272438188776,21602.62546727919
33.0180022829176,21599.58817831468
33.021457538472156,21584.4130469646
33.02834683837686,21580.538466644335
33.030361253846685,21567.57031755995
33.039543228710116,21557.420713889936
33.04112613810719,21548.439858532944
33.047976764990864,21540.409081705995
33.048939327885805,21534.362262698196
33.052745520944484,21516.96808912655
33.05972472403272,21516.35525737155
33.05973560004342,21516.038778632763
33.06429318535792,21506.871955294708
33.06875452486854,21495.484429888944
33.072331391793796,21490.208793490183
33.072531003931985,21485.618407678037
33.07644995972724,21477.22753366481
33.080317095383144,21473.368736736324
33.08393704231775,21466.69645666298
33.08788407434531,21458.390535866176
33.09271709200567,21446.067252074703
33.094037573455765,21443.087908312325
33.0979940473798,21435.845659149294
33.0998553202335,21433.988944513396
33.10097488179183,21423.2490196341
33.106571872730086,21413.13347170948
33.10890364766547,21411.064486346186
33.110948397588466,21405.038574327482
33.11323859648854,21405.00824725669
33.114139829180665,21404.362438081534
33.11625454954728,21400.197748392024
33.11816214936732,21395.931428931955
33.118815473871976,21393.650130514103
33.12099908160737,21390.350279357743
33.121323570958985,21387.776294501717
33.124551827548764,21381.14220286963
33.12578185588273,21378.513997949285
33.13118046030797,21368.523374363533
33.132470290622116,21360.51186267539
33.132534735381796,21360.13341019053
33.132851828122,21358.284456517893
33.13958606632268,21351.38193585135
33.14231398858374,21344.311460915615
33.14494666397415,21340.94174226351
33.14496320129919,21340.38639144362
33.14764231154047,21334.947786920602
33.152294106429366,21324.424558936284
33.16084522992476,21305.162066981735
33.16317700347931,21302.59558398915
33.163966879754504,21298.89913604463
33.16702270851244,21295.388926436568
33.168263578849874,21292.326352402044
33.16972578484509,21281.074930633775
33.17551033529259,21277.437582940493
33.18142018115873,21260.664931199928
33.18516780977995,21257.225195898744
33.187919413741405,21241.302744352106
33.195705816468454,21235.935515144745
33.19641247485255,21229.13356133556
33.201649112977,21222.482565700186
33.20226873280693,21220.86110715962
33.20500240996152,21212.135808718183
33.20578683424425,21207.329119264326
33.20948412468532,21201.238868271448
33.21942941639938,21181.206634911145
33.22287445706386,21177.14266478957
33.23043886703565,21161.866016497075
33.2412940696746,21141.022759188098
33.24478655940465,21133.528516635553
33.250194778017836,21122.500528259025
33.25174911366292,21116.49668173549
33.25310680062008,21112.32130575458
33.25539825082122,21110.61426601337
33.260488410334396,21100.298005653585
33.263154380288505,21094.867885864474
33.265453356904366,21090.397009867473
33.266130007552,21079.784128603726
33.267133674686065,21078.396953162755
33.268772142063234,21074.125045099638
33.27341873180269,21073.901872261657
33.27883144202075,21062.66577376728
33.280810101604246,21058.361787423135
33.28409421648442,21050.566080333065
33.28809922741382,21038.779356954314
33.28816673167474,21032.27617876189
33.29297309244545,21029.434409252994
33.295342745473825,21028.004911500946
33.296592953666085,21025.300555229034
33.296988469528515,21023.820087545693
33.300462212982474,21017.042761027944
33.30158245089733,21014.953484111094
33.30471531642871,21003.30801439823
33.30704320439885,21003.181564472838
33.30902651473957,20995.49117195671
33.31644882223891,20983.585641888585
33.316816040662104,20982.965220990118
33.31841205551573,20977.847076367027
33.32485371451095,20966.066161820585
33.32518640932095,20958.934884954706
33.328604776921146,20949.489505419388
33.33281760987807,20948.249304244895
33.33516326884974,20942.916105809803
33.3360408641141,20942.53611056913
33.338175578513166,20937.79724699625
33.33961963000889,20925.21980887941
33.34476473329552,20923.977667998046
33.34626269949311,20917.696479197846
33.34889490489118,20915.45054187659
33.352557291757556,20906.296806068964
33.357456986815556,20892.421293454587
33.359299939365286,20878.146909239375
33.363306723825424,20878.140001843378
33.36862893730762,20873.769341476145
33.36949693233783,20866.319035894205
33.37448951147625,20860.79054751123
33.37595770172989,20858.302473954882
33.376159202967756,20855.12224360057
33.37715990971053,20854.460346448242
33.37932515020761,20850.77675204684
33.3834222964605,20842.074529885795
33.38437110237363,20840.294187989533
33.38438256631317,20835.983699959797
33.39146783633659,20825.392657827288
33.39491021617837,20816.035384019775
33.39702336026523,20813.680675502997
33.39864926183703,20809.722909213848
33.400113713665306,20807.16235002737
33.401422888727495,20803.88650922167
33.40610394753108,20794.15341528899
33.40754671291166,20789.544122627016
33.40940606374047,20787.29665791564
33.41045666722592,20785.228837598755
33.41055243865373,20781.383037391515
33.41290953204855,20777.948202309977
33.41457258745112,20776.031525756858
33.41900257999429,20765.52468813888
33.41979559863612,20764.006633027388
33.42250933638004,20759.29317593129
33.42375172670039,20756.620668457654
33.42763594319676,20746.083510632852
33.4340210619427,20734.872226579828
33.435281238964485,20732.316871838724
33.436296252274516,20730.318645738123
33.43938741456428,20722.301994271867
33.439580735653756,20721.33800907452
33.44106645534921,20715.66007413901
33.44697928364897,20707.220925347305
33.44787928463979,20701.39430326876
33.462204933703795,20674.79315144245
33.4630345810883,20670.165085023666
33.46536930904759,20665.79641131061
33.46937881487003,20654.528642667537
33.4713296574681,20650.869487635136
33.47410121481771,20648.11301930772
33.47562758467211,20646.4695167775
33.47611976785277,20645.400735365132
33.47751698693547,20638.823756710026
33.47947519355198,20637.416059909036
33.482607164266305,20629.574287778465
33.48416125637369,20625.69012661531
33.48982938020123,20612.49411751567
33.492171097430955,20609.494948754786
33.49311026599725,20608.930338975413
33.49546109522129,20596.34551984673
33.49937384321155,20594.757074412275
33.49999158603794,20593.80553245439
33.50085653656028,20585.869938490014
33.502341995926194,20582.99631583421
33.50717616544846,20578.247415246657
33.50824778315095,20576.468793529002
33.50994572378422,20572.712382816666
33.5105767891295,20571.664686018517
33.51397356978622,20564.23454978722
33.51524822080898,20561.535696096704
33.51770099087975,20556.134860579765
33.519658561103945,20552.044179499648
33.5205157989862,20546.32479438033
33.52246989827632,20540.25585677814
33.52306886982145,20538.651587050645
33.52523043130763,20538.36741010078
33.53223688892725,20525.15012747194
33.533544580154185,20522.352482934275
33.53383481940874,20509.817884548076
33.54275026567917,20502.441314441792
33.545889189985196,20495.65553036866
33.54657771761193,20493.818412979777
33.55606250957805,20473.368619996985
33.55641327248603,20466.882167548327
33.56018119681134,20464.79762959224
33.5625477923288,20459.22670055255
33.564159195948676,20448.20806891216
33.57068495041272,20442.145063191467
33.57103949753852,20441.370780878042
33.573343139200475,20424.732734160938
33.57937400219114,20423.289893021738
33.581663784034085,20410.18158006143
33.58557309264734,20409.71878921339
33.58665209460271,20398.456684551937
33.58977179685327,20397.427158070546
33.59545243714634,20386.545468058706
33.596580568996536,20378.939943641184
33.598307748811905,20371.253498368747
33.60120936341531,20371.20326272354
33.60510064451695,20363.010314143692
33.61038527229655,20350.423478197787
33.61266441053297,20340.797731061768
33.612823578958405,20339.205020465517
33.61749181074998,20336.513933116745
33.61988517003135,20335.646862372174
33.62688425894106,20320.685628828724
33.62841421789682,20314.90532114053
33.63457350850861,20304.05412512975
33.63629064705125,20293.806914035427
33.63948834869955,20293.268630189457
33.64011062505733,20291.4123402677
33.64217405233313,20284.354181474948
33.64372331254554,20283.581941348395
33.645275950256185,20280.71413671638
33.6454396808591,20275.49495647965
33.6525476781187,20264.21916423592
33.656293253122,20256.44441756873
33.65728353626192,20252.925586755176
33.65823519935342,20250.72554288902
33.6619059720469,20244.58124972595
33.66507750454571,20237.682061616753
33.67300594871192,20218.315308307698
33.67444463484134,20217.251796882898
33.67725808094663,20210.95658870092
33.677804074139964,20207.273242208536
33.68547122637482,20191.31686172537
33.6867613424858,20190.055086996937
33.690161492964194,20182.803056687855
33.69599203967319,20170.193525715516
33.70019278650627,20160.690672529632
33.70195812253081,20157.02416256775
33.70650413271455,20143.54396133283
33.70874616825488,20140.131916841954
33.7143986052938,20126.99932811323
33.715521624644424,20125.513589569055
33.71679953156031,20118.45601118382
33.71991500470485,20114.744134268
33.720622228582926,20113.710322633884
33.72139714840815,20113.54251625521
33.72326937964271,20110.393496195444
33.7242957430432,20108.197833698094
33.728943371547736,20090.060466948813
33.73478318434016,20084.25443232069
33.737362716427505,20075.029983527318
33.74112299456203,20071.261661425156
33.74816636638795,20054.87135399103
33.75035089941825,20050.562533185155
33.75507797049852,20035.975043168117
33.756298963768906,20035.105534518058
33.75883304866894,20027.1317578695
33.761089930324786,20026.417127292072
33.76156645521663,20021.26144131244
33.76247917322364,20016.32990606798
33.764483420642335,20013.282703517525
33.77372029878102,19999.497379425167
33.777631042169844,19988.829747806372
33.78360233226406,19977.306538476867
33.785851571136114,19972.519656387754
33.78941567914728,19963.80620776459
33.79064572533891,19943.01495517993
33.79860071681239,19934.909671954596
33.80464850483343,19931.186283732124
33.81382603422629,19910.399530992854
33.81466946223058,19908.29226367725
33.81616558878384,19905.08514043933
33.81701329002087,19903.089624437103
33.8172497699093,19902.316234376613
33.818942431202146,19899.02495592211
33.82347008802481,19885.889163176842
33.82807853538079,19872.268375626518
33.83224710882044,19867.216079052552
33.834091985807746,19865.28112504214
33.84091832619322,19846.31059054776
33.8431845621758,19844.580425489396
33.845300068224184,19841.051350837493
33.84539150053299,19840.61059969534
33.84730644946958,19835.647381692444
33.849716437070576,19831.15470575986
33.85453942015124,19819.919852662657
33.859678455427066,19809.086390245167
33.86103052314405,19803.817574596174
33.86164377441999,19803.58340392185
33.86368501383979,19799.36709463191
33.866229925950755,19794.493961072287
33.87221024138476,19778.30956462516
33.8735779689142,19776.372573176945
33.875231268116565,19774.363051959474
33.87696300343045,19769.99992764861
33.88136207616788,19759.444956674255
33.88519096350133,19747.176523130904
33.88527853007465,19738.1347268343
33.89359810208242,19728.52140011042
33.895542843557735,19726.383618642794
33.90676765314371,19701.03008822941
33.90886191847062,19694.25626051125
33.91193527398201,19687.675773753268
33.914805503817966,19685.966296304177
33.91580250582265,19674.392778285717
33.92230696345632,19669.19880152334
33.927522467314766,19649.0815840886
33.930838296294155,19644.378128642016
33.93335753675671,19643.074674299954
33.9367867921993,19635.585252163608
33.939900325505775,19629.650832300173
33.94497881155174,19617.784638626723
33.94676812161415,19611.284991944012
33.94842120337154,19602.751618533042
33.95128618871775,19600.582734555985
33.952251994839756,19598.21892740554
33.95598442855542,19593.55511869999
33.95656678540313,19581.529059104138
33.96362438346795,19569.480662009886
33.9679764672143,19566.571112898535
33.96813646005591,19560.673111123422
33.97074049981274,19559.874444234774
33.97210466081471,19550.934355650308
33.978217628950574,19541.77811143798
33.98440689959283,19526.71594107777
33.98926367093458,19518.090378077202
33.991412822227815,19507.846971324983
33.99497933947006,19501.683736000286
34.00121758321203,19490.389006297195
34.00235247794433,19488.365785352133
34.008978630468214,19471.737349462448
34.00933266955846,19468.489341609922
34.01571963384419,19458.673180439568
34.01963877623938,19446.415751081346
34.02797853603265,19424.34737579585
34.02916030877689,19416.200677778877
34.02923846840011,19410.587065216812
34.034590059748545,19402.124220172365
34.03847935628862,19392.384993559663
34.04634102416568,19384.8759057531
34.0506144703996,19379.384905077848
34.050935598140235,19377.659880478834
34.05525195349943,19366.236772856348
34.060435470507564,19356.27982377626
34.062560412649866,19344.971246330424
34.066116477656244,19343.424844609464
34.066944503948044,19342.36577315692
34.06946563052921,19333.692779382753
34.07170662792535,19328.85135366399
34.07262359096545,19326.118656906634
34.077728174791275,19316.784570349795
34.07796755267914,19309.8557109206
34.08078131802409,19305.859985773903
34.0808278611038,19304.97407025569
34.08509326607418,19300.982000915355
34.08641414497727,19297.96502642175
34.09319738350152,19281.893914248813
34.0963171572029,19274.45971460441
34.09910747309878,19265.860144115028
34.10374118379072,19254.875932425137
34.10641999743127,19245.15711990439
34.11024482872804,19243.407616357796
34.115506325858995,19231.41884235608
34.11588195026174,19230.381009078315
34.12065057283571,19214.985462362336
34.12233414540788,19211.927722715474
34.124716893062164,19207.990518496958
34.12892542387247,19200.659365890257
34.129221936607365,19198.35511526583
34.13389222938216,19189.22380734571
34.13849918414331,19175.052107692074
34.1396812694263,19174.74127382991
34.140519977342144,19172.081629182547
34.145965701928574,19152.203339998396
34.151802565544074,19147.282198515764
34.15297192125307,19144.359332690692
34.15630481264679,19126.851910820482
34.16137853829169,19121.787427338004
34.16363175769986,19118.12540314527
34.16443526058862,19104.482738060728
34.16964444357007,19101.61382924835
34.17368237253897,19088.31418547204
34.17867001621133,19086.178795807533
34.1837715473835,19072.094014496084
34.18706381556332,19066.671643096954
34.18731342052776,19066.247662101367
34.18874469310121,19059.337165662484
34.19229653049572,19054.582493691214
34.202331550207695,19029.45274233725
34.20465036886966,19024.673246124858
34.2065864906366,19017.083391697633
34.210130004426915,19009.584389925913
34.21705026560311,18993.801310093546
34.221930570892425,18985.38591771741
34.22349819175931,18982.267492957788
34.2304188166501,18962.168534040342
34.23441333641162,18944.91135661504
34.238237619088146,18935.712514754643
34.245267322236785,18931.905311208684
34.248614963615715,18916.13445045346
34.25486005245818,18908.899782313634
34.25631208171714,18899.821820029516
34.25682831586514,18887.03085514538
34.26155761054507,18884.497397160776
34.26672884652859,18878.65283844628
34.26777404149419,18878.535866837567
34.26828862068355,18873.145036249793
34.27092233395454,18866.465343131724
34.27332357719355,18865.876498521353
34.27546276090634,18860.891779077192
34.27722265535695,18857.296551541807
34.28066403856434,18848.880771525473
34.283536215178565,18842.72149487323
34.28632012715053,18836.215345050678
34.290019848319844,18820.85109137235
34.293290836324516,18819.382013603325
34.294594411193316,18815.528437184035
34.296828908182604,18811.152549805684
34.29790352218707,18808.01854347832
34.29798273068204,18800.31874899466
34.30109238397951,18796.85038094957
34.307641691400484,18786.323343533
34.309955060352365,18777.619310913797
34.31064782556169,18774.442152115913
34.31534616985638,18767.911694603634
34.31644131289985,18765.693068031454
34.31644789585733,18765.587007687347
34.318197552812904,18758.64170228062
34.31965252411015,18754.688775711067
34.32690310899096,18740.75239516317
34.32943679148872,18723.619380386488
34.332690543875586,18719.32236982603
34.33691460563932,18717.41397403933
34.33827357989184,18714.237362477765
34.33964080130852,18710.355302534528
34.34013737785863,18709.244405484318
34.34230546888152,18704.400158959445
34.344802432497644,18692.03325773634
34.34955259765145,18682.767297118095
34.35161062451555,18682.543529606002
34.35338058512693,18672.88140903047
34.35748891719662,18668.98749825756
34.36043387529318,18661.4945599388
34.36172342799423,18658.688277488443
34.36812253784338,18644.050595245026
34.3755857306315,18626.45420862381
34.37594223026978,18623.162324348374
34.38117399907375,18606.052688350035
34.38415286123416,18605.514364534516
34.388127307936884,18595.894573221576
34.39272101357489,18585.277936690523
34.3966292584074,18576.715697072403
34.397297755345676,18575.113703229963
34.40249954371171,18561.906854479617
34.40512658487826,18556.58755776945
34.407685584687556,18549.737473004163
34.411519132244884,18538.9743381199
34.41295237410852,18534.338753494194
34.413913487516325,18533.15840862564
34.41586499601738,18528.178267773477
34.418004517893166,18523.111835862794
34.42294359603293,18511.367896731103
34.42648370839513,18502.442232565943
34.42675973677557,18494.35901550258
34.42991123185059,18493.163407777338
34.43285435391982,18490.697210569284
34.43304028784122,18488.845664949262
34.433291448774646,18486.59494460363
34.43380693036307,18481.528815021713
34.44009004261514,18472.74912794046
34.44262499903743,18466.786672893755
34.4453762237364,18460.94586243557
34.45106862421311,18446.80160045596
34.45107086651717,18446.47959045598
34.45370395068498,18440.833399004398
34.45414321999389,18439.086956184565
34.455063990458456,18436.606639876252
34.46209918526769,18420.66636060092
34.46269010060393,18417.908917536064
34.46859743752483,18405.42907426703
34.474383968186,18389.575006573785
34.477181241739046,18385.021880906123
34.48340572603688,18369.91767577875
34.48418222693645,18365.637665695718
34.486403620188085,18359.04608721514
34.49675246733908,18337.702026822684
34.49807749822385,18333.125115609262
34.50369476738775,18321.49608006713
34.50865461519307,18309.265611090566
34.512307680143486,18299.925739061546
34.51449013417771,18295.56032721779
34.518110221536006,18283.228056698605
34.519397393325505,18281.18285942844
34.523912087481264,18268.11719371142
34.53203814418816,18245.76831112106
34.53257210813541,18245.74581285902
34.535544176107585,18243.08481784245
34.53578031114774,18239.939497206873
34.541042625950524,18228.663564182825
34.54495638472195,18218.201295065144
34.54508251828871,18217.870711677846
34.54659347477054,18216.345077366495
34.54909022613258,18212.0102786578
34.55463248661617,18195.522097678277
34.55893353411771,18181.602394257174
34.56709798141887,18168.794620414366
34.56904248912856,18164.091050369814
34.56968267666694,18156.508488928455
34.57158269091099,18145.194123469548
34.57210436454968,18140.158050664955
34.578383469575186,18133.908034228887
34.58297636715266,18130.354629732752
34.58898547449442,18115.776824876775
34.59008291396216,18106.737151217087
34.59298113907306,18105.604044236203
34.59431617752333,18102.85769022831
34.598943733168596,18088.045475768522
34.60356461948712,18078.017334450244
34.60534301468935,18076.05831025093
34.605727465082666,18075.02197225103
34.60632888887546,18058.49431156288
34.607345152023484,18052.027724460982
34.611026186210815,18051.05594121605
34.618212795664206,18042.607531020672
34.61921428680396,18038.520504004555
34.62420733642141,18030.17631232435
34.62573750531633,18025.801364591407
34.62792399388944,18019.618343629492
34.63180702463809,18011.583049309465
34.6327112285903,18006.350340426136
34.635363376867716,18002.934225600653
34.640198618116116,17989.484423510174
34.644340029861056,17978.723750713132
34.64780303818567,17972.6121466356
34.65027512941109,17956.763630841037
34.65238148977872,17952.982194041873
34.65504453231395,17951.96896968241
34.65975782408992,17940.402691393236
34.66098794919491,17938.74215408756
34.66146737972722,17936.333601236518
34.66440731295993,17920.62072845951
34.667699525023856,17913.15423238107
34.66857871624855,17902.254215328874
34.676535312412135,17899.51624157542
34.678130375031586,17898.286349331447
34.68056615755287,17892.407384954735
34.68358146798944,17881.439443170424
34.68728719358226,17875.9259444223
34.68808438321529,17873.08734258336
34.68893995181719,17871.69820501051
34.68988428067315,17869.50615489916
34.69648817310498,17853.226727463076
34.702816587667876,17837.019130338922
34.707189794123195,17825.992217045165
34.708138604151635,17823.53901285714
34.712007392114394,17806.673301500097
34.71504978506824,17800.284322517935
34.715508461517906,17794.47254961721
34.72113191438767,17788.726566330348
34.724568914919075,17783.607591827993
34.72623085305017,17778.09351151557
34.727060469530116,17777.92900240036
34.73217895686194,17765.250255903804
34.73319957625231,17762.435347777075
34.73326177360707,17762.346202331173
34.739320044642916,17743.467808080564
34.74239119780242,17730.734981458918
34.74543318950291,17730.668470951197
34.74921206096034,17723.142834415718
34.752031829385224,17715.822103494636
34.75266564081488,17714.705587545508
34.75305440099445,17693.595868571152
34.76532193177697,17678.27497578578
34.772086424339065,17657.225859828017
34.77645283503434,17652.276543396998
34.77837551744014,17650.85104186238
34.78002738400014,17646.80916969483
34.78046747237132,17630.51746358672
34.78931914723474,17623.59570658735
34.79274269105509,17613.366225395406
34.79543450933439,17607.429255741976
34.80002999907029,17593.303899548722
34.80174812417468,17592.706705613866
34.80706345059536,17577.89114161846
34.80867551599897,17572.820453137145
34.811039296236444,17565.30671703685
34.812059129531505,17564.212503393806
34.81714303520567,17554.042076507798
34.820160792600625,17546.75798057952
34.824350160090184,17536.218531535542
34.82644341826964,17531.097728280223
34.82667411711402,17530.264611801056
34.83197412703907,17517.251701087185
34.832098831620364,17514.918252876236
34.83369382379538,17512.963070738268
34.835498203290804,17507.96211622962
34.83565003497574,17507.71597895469
34.8419457106327,17491.33950385964
34.84524700950178,17483.904629930377
34.85021939650011,17469.514531815574
34.85300406026895,17458.339860684788
34.85517689606661,17458.115855340773
34.86107876808573,17444.278219944765
34.86336559622804,17433.341153755337
34.868284603066506,17426.096926399794
34.869481108437306,17404.626762864176
34.87673612272215,17404.130301438257
34.8791075131457,17393.85795468309
34.879938121466814,17393.722262306608
34.88072508309016,17384.958852995554
34.89078489400126,17364.12937202873
34.893779092781344,17354.910320117473
34.90374028161396,17336.81034406457
34.90554196571045,17329.844085108598
34.9074806397364,17324.607438800696
34.90859939114379,17321.93433477655
34.91151419608325,17314.28776797031
34.9127380284711,17313.981831121513
34.91695252846645,17301.26712731568
34.91810081001843,17298.497987713687
34.92472879658948,17283.28527353175
34.92970202765462,17267.33780175988
34.93304173553049,17254.136351039408
34.933338272333394,17251.175146013404
34.93850670557539,17247.51485016116
34.94175364276511,17235.981972854104
34.9441188299948,17233.630548992707
34.94415028706652,17229.85874563791
34.94642667953662,17223.33268967962
34.95075897682103,17211.84870449869
34.953953041477995,17208.32717742703
34.95895632557591,17195.841481486572
34.9628620940216,17186.820299923747
34.963081872266336,17185.875143542555
34.96797007921161,17164.628327405757
34.97092302937497,17156.284863570298
34.97149587949229,17143.115262906296
34.97190582267399,17140.314558809765
34.978582928861236,17136.46202572138
34.984610568162154,17124.492820443622
34.989160179849456,17116.649695278447
34.99321653946947,17105.704732456652
34.99623489989364,17097.987680581937
34.99903768209195,17094.418040294044
35.00271246673897,17069.356573019977
35.00967373762441,17066.984776838854
35.01301690193079,17057.88332411786
35.01337055231018,17049.40964853139
35.01906390235206,17042.46093694256
35.02014258105503,17038.565587272256
35.02380143988869,17026.322146249982
35.02691761680724,17022.595343576104
35.0281652355973,17014.308561876627
35.02938754651039,17014.287040277086
35.032410594017044,17008.819555572816
35.037748350611835,16991.53674000876
35.040409313096944,16988.208518245374
35.04279247737278,16977.709163405296
35.044972407878674,16967.690345099178
35.04818074892008,16963.63416266382
35.05145257545215,16958.91409776169
35.053174492631776,16952.009223897312
35.058709281188534,16939.690103701283
35.060043924375314,16935.111286149862
35.061215140594435,16934.2911628672
35.062350264858146,16931.60943145795
35.06539387278668,16923.63939493147
35.070212112567376,16911.079504930723
35.07021798816197,16911.04327635418
35.07567787399783,16891.95668481912
35.07805252973933,16884.359622432494
35.08213826389285,16879.62476017042
35.0846127227536,16872.538127928045
35.086652628435104,16867.465595044614
35.09439948710091,16848.537288321786
35.095469657779354,16827.441932702728
35.10060861065793,16822.85663749531
35.10520923889713,16819.267210169644
35.107022725747,16815.69744660388
35.10833098511235,16812.503067659025
35.1106962831303,16806.17660418271
35.11230706308094,16802.072571921366
35.11249343663684,16800.77237234252
35.11584337532927,16791.86679845141
35.116435573744575,16788.72273719251
35.11857446655227,16781.98960432602
35.120543481047164,16780.141156975296
35.12341039125269,16763.055389019373
35.1282160154267,16760.7162604664
35.131999997002026,16748.486399880876
35.13901489845648,16727.40952952482
35.142078596376656,16723.02247913741
35.14404686193846,16719.423303639855
35.14910459446124,16703.49446518262
35.149794936764486,16701.718937471298
35.15663448163917,16685.934125295043
35.16058126243605,16675.372343000912
35.16498510215579,16664.487517841928
35.1656306191412,16660.19717086878
35.166441122727505,16658.586664386174
35.16952247430218,16652.345361131032
35.170873269349684,16642.66042905267
35.1723690832351,16630.604379240172
35.17792838457608,16612.75180627821
35.18097646300913,16612.598025798623
35.18948482090754,16599.826373768163
35.191864951928544,16594.061637294308
35.19356851631993,16582.3395834517
35.19967292046833,16573.480422858083
35.200379533375305,16564.34910764467
35.20150494502087,16563.1574394728
35.20397203107935,16559.431893480036
35.208953092790466,16545.51336497782
35.21589866313802,16521.468900004224
35.21869782389805,16517.005005586743
35.22717347458255,16499.99376634835
35.230665981712946,16490.798251141663
35.23276071950198,16485.392704571957
35.23568349556551,16469.844613419056
35.23689756238685,16460.944680464356
35.24551305735418,16452.34193369513
35.24733064853503,16447.433638183007
35.24872414643176,16442.77617568603
35.24939095979472,16433.209586652545
35.250456039012015,16426.403156931785
35.25599779101844,16421.716776875317
35.25879213012502,16417.07358858999
35.26100955399332,16409.908044253218
35.263913579424134,16396.874172191663
35.26556873631983,16396.415411433238
35.268403940645385,16390.74003759866
35.268420529492005,16390.155611248843
35.26875528839402,16386.01565097129
35.27263914645897,16380.25265419695
35.274552472990386,16375.069735771742
35.276986595021434,16368.331529087389
35.279535141445564,16360.938953027724
35.28313548118259,16352.306799951015
35.28433606562083,16348.985503904902
35.29056591080491,16331.078334529797
35.29223835610754,16327.787410576617
35.292493472497696,16318.339141852106
35.30056660740988,16304.7596000755
35.30203409615158,16300.010565662828
35.30210681448766,16296.047848637189
35.30584406511556,16291.642634492346
35.30586620409286,16285.33528959953
35.30799455991396,16285.01901940322
35.30811948919288,16281.145573273623
35.30965717916797,16280.683372964766
35.31158817573471,16273.21363575309
35.312763866175004,16272.778483058202
35.31348949138986,16271.006572824524
35.32381250386835,16242.638290147948
35.32528843456863,16239.52173174094
35.3271977464616,16220.090725832993
35.329883086130565,16220.038440879562
35.33255197420134,16215.521258036733
35.33328753551444,16215.503623452865
35.33513305603318,16211.3157240667
35.34045705540682,16193.318815977196
35.34348569436784,16189.626271258076
35.34581608568348,16166.638200013751
35.35395609756834,16161.45779228058
35.35749611853973,16151.354558047384
35.36287578292121,16123.364011721873
35.364176175147335,16122.647253728786
35.370203826792384,16118.575489134293
35.373662465150204,16098.111635929918
35.37482304230291,16092.808791546251
35.381208649493,16087.001498991902
35.38330570005216,16079.823353800548
35.3842365140192,16073.48976113291
35.38907773105627,16066.544212721848
35.395261248456976,16047.48199049501
35.40385923168772,16024.664842894621
35.40519385543822,16011.39072528258
35.40681217155331,16003.948870821763
35.411877392051125,16002.796016292683
35.41215943131457,15997.976680679642
35.417412423652515,15990.471041848914
35.421934937743444,15976.258647073817
35.42555462105395,15967.076074391902
35.42917680842226,15955.69329206666
35.43025002778709,15951.326438752665
35.43429231240906,15944.365360109734
35.43442901842718,15939.577074303275
35.439753970092895,15929.20265778841
35.44073637486373,15926.966292350722
35.44091607960991,15917.52056302501
35.44843348855486,15902.150534952763
35.45422999611475,15890.03910462401
35.45484304302812,15888.249415083244
35.4555920105668,15867.426872560818
35.45709871779551,15866.161516996846
35.46373302286499,15860.877660648546
35.46726933080717,15853.278507946876
35.46843233096596,15845.825147905674
35.47669679752109,15827.58797297806
35.47978896728428,15818.107603251698
35.48268199781885,15810.553466341125
35.483526277209656,15808.486764985213
35.48501143903566,15800.530534545585
35.48941620593699,15792.745066233225
35.48970792361024,15792.271130781544
35.49412520899374,15778.55882907008
35.49421481831276,15765.449771835092
35.50116920330688,15746.751746018874
35.50374783751556,15743.36384014367
35.51000306563334,15736.701380912516
35.51246053474875,15729.849881781523
35.521231283252355,15701.824959115744
35.52359073964772,15699.128777089321
35.52402083392875,15697.916286412887
35.527863414822306,15687.301412159186
35.5452826720317,15636.057673510148
35.545880078911004,15633.373819126282
35.5472132714702,15630.495838340106
35.5496725012313,15626.622033601987
35.55386836928624,15613.95087372432
35.55868473381323,15601.668787425808
35.56252262578369,15590.760779031378
35.56282353056522,15580.22615050943
35.568252517659225,15571.214762185555
35.56952144636501,15548.917921733922
35.575115185143666,15547.067475109227
35.576629775685376,15542.999406061524
35.58361266368185,15530.906062767566
35.58639668138454,15508.667429516936
35.5942576351809,15497.822813936442
35.59639401521193,15495.450921599504
35.59859176077224,15488.286572253779
35.59969660100263,15482.220196043236
35.601387771901145,15475.831904323077
35.60278925934225,15471.391328682581
35.605679321269804,15458.970680077478
35.60826303280472,15449.549131970967
35.61888870621486,15432.398149019486
35.61950328527881,15426.081912643098
35.621452823418515,15422.743817018529
35.627086243517454,15410.24462093134
35.62755958320025,15395.43803514667
35.64065351571698,15352.759732127284
35.643358064492304,15331.884347076955
35.6466147278223,15331.459375565091
35.65750166673089,15323.86665985446
35.662398835371306,15309.729642497276
35.6662323406536,15298.260391014148
35.668038024786924,15294.090197779855
35.670750390409175,15286.847657780398
35.6727959383331,15276.494836385968
35.67688892903275,15268.274959509316
35.67692197558638,15266.478090636718
35.677262071309,15264.50376289306
35.68241213128575,15250.097138452458
35.68579386406455,15244.152094873087
35.686761248052484,15227.19093784306
35.69136685376551,15223.504310008107
35.6949679418609,15216.081012841149
35.69606967042456,15214.269994223758
35.70137610731485,15185.795941482653
35.70540140344319,15169.484227656634
35.71163498759829,15159.222290305031
35.718901544866696,15149.647084805581
35.719302298894256,15144.05129656158
35.721535184135504,15142.068173770585
35.72335077108926,15134.700956681714
35.729205274265205,15105.564703793909
35.73141006356412,15098.81578428264
35.739657780742725,15074.488124414554
35.74417736693027,15070.062140285687
35.74825253306687,15064.19666267706
35.748937806708454,15054.318502579676
35.75018613901891,15050.053077776216
35.751134698639866,15032.207822264867
35.751785356504094,15028.368805178357
35.7621296168768,15023.790088748105
35.76462819229113,15018.485970447202
35.76753122639535,15009.872560489732
35.76903691909156,15005.768769414684
35.771470784008194,14993.449549682451
35.773514342821436,14973.452573223232
35.78269763618785,14956.737745934002
35.789254779351424,14945.06340043436
35.79044998342885,14942.627313396957
35.79290916035273,14935.63258656957
35.79321607160659,14935.61261978696
35.79541053198393,14928.749215203965
35.7967383293897,14924.750729369061
35.798067237861844,14920.957506103176
35.802395303403664,14898.404352333855
35.80973003922335,14887.036821448799
35.81081142378142,14874.830986482322
35.811021731517954,14862.098316267842
35.819470473726746,14853.0967115034
35.82309937722117,14848.087895502915
35.82582738977555,14840.945155739319
35.82693168016548,14834.338865570911
35.82712692065415,14827.700220804038
35.840540578922116,14797.263476081644
35.849801290045335,14768.268564980426
35.85193322137927,14764.90166141248
35.85426524916399,14758.140174170116
35.85990424493498,14737.358107592287
35.86358196135109,14727.463759159175
35.86596877338181,14708.160301387445
35.869499035556366,14697.015948256188
35.875692429764975,14695.203405133907
35.87684679482692,14683.351823736237
35.8808788374158,14676.289330227159
35.88382961893671,14662.12438283294
35.8851610010924,14648.296252264498
35.88691279978436,14644.7618155808
35.89884573086158,14626.582135064302
35.904069790364815,14608.6876929904
35.90467116603554,14591.589796933642
35.90919858899918,14583.075912543361
35.91438731730725,14580.02100313355
35.916103473362504,14576.069561222934
35.91992501052844,14561.487260510881
35.924149292568934,14551.822496577835
35.92475073415198,14548.613109013339
35.926475375133684,14543.655354605455
35.92957484118646,14534.159517727938
35.9326852577586,14517.8278916755
35.93527919273568,14510.412730986262
35.93623308552411,14495.27320601011
35.94357242618121,14494.264734178378
35.94645609384402,14471.473735818
35.9481834779513,14467.558379315566
35.95704661933164,14454.327864411725
35.960342207238554,14443.046797548237
35.96440524739,14432.086349468262
35.96598689321605,14427.318294711531
35.96752018366161,14422.942857500348
35.969636129109624,14397.502010549295
35.97800642410118,14391.351470129559
35.97964730527906,14386.757558610268
35.984057298222844,14373.43953836908
35.98432632836271,14370.621977569903
35.98570908059499,14368.55918872003
35.98606533000521,14359.858455791966
35.99058683315348,14351.791165063456
35.99294746020487,14346.704697126563
35.99674540986697,14335.342555693987
36.0033746500367,14315.413750016605
36.00398975158601,14310.913052652657
36.00674262910395,14305.2750427567
36.00774122829134,14302.407519788097
36.00960280593536,14292.91328832344
36.01188600631363,14289.481254132133
36.01267389642665,14269.345580999054
36.018396202391486,14268.396334599638
36.02646007637787,14245.75484411508
36.027425646483366,14237.436487687955
36.03380309895873,14219.44187287244
36.036002685765354,14206.220902831923
36.04212645191542,14176.05438854308
36.04696631263366,14175.53361321342
36.05160846071537,14169.624108927881
36.053000868254685,14161.067144214903
36.062852753949656,14127.322838776685
36.063510889692736,14124.765581751006
36.06805184919065,14116.202059779791
36.06979688320441,14097.285879118683
36.074082131517265,14085.193663007454
36.07960355371371,14084.434561661641
36.08239128911422,14075.469118154
36.08326273401648,14072.805972156992
36.08641572238009,14063.59963020072
36.087226546305914,14060.915293495847
36.08824622271153,14054.041979092379
36.09049690769276,14050.634495895321
36.09297589669568,14042.025592608368
36.09492556781072,14037.464256332054
36.0989429600382,14016.927115884266
36.10105566268438,13998.157506164618
36.10419884726523,13984.056548354723
36.11047191147942,13975.997331996548
36.12059826689949,13958.32332606005
36.122258197510284,13948.31060358646
36.12543601303535,13922.916547905923
36.13349647235176,13918.298701713542
36.14018591975053,13886.25626713474
36.14390206191994,13866.951885217279
36.159901070171586,13832.460109746133
36.16296685227006,13826.245186867083
36.165316209595225,13819.00649020358
36.166531983631586,13816.3794891763
36.1703035201752,13797.130728770115
36.172031380999606,13794.897484700487
36.176720990001435,13784.291058701483
36.17680464644338,13778.46495576513
36.18133845334043,13763.48099781721
36.18379082029937,13758.407736238778
36.187580960909706,13750.84579802315
36.19281519331247,13726.959864440321
36.19991071947002,13709.274388549058
36.20163484740237,13705.91103008414
36.21021559831151,13680.261224453
36.217374280345815,13656.774752870426
36.21825866142928,13650.033167528116
36.21915261725912,13643.737954347362
36.22191356268335,13642.67923800176
36.222789729288266,13640.683085256516
36.225219330063354,13632.598032274023
36.23157448675312,13612.76987222884
36.231640617468344,13593.886084451133
36.232576971393364,13593.421040375317
36.24012804202003,13586.173448904681
36.24087102837118,13562.124824647808
36.24620083046763,13541.917733179134
36.256686799919905,13533.812045325007
36.266791703273945,13501.789111596632
36.273317381707336,13460.121904533115
36.275891017355846,13440.672147217836
36.279030076199106,13418.876991179359
36.28350456481309,13418.71689961092
36.29496843595467,13412.117636251
36.29632486403829,13382.072003272764
36.30270215643468,13376.969338138206
36.31465490310769,13345.14231134962
36.31622004225189,13321.191737414185
36.32355915934397,13310.56861209093
36.328342861990954,13303.202344051298
36.328991358881865,13299.735396273234
36.33070490455375,13295.490242885196
36.33414640921955,13283.441779179188
36.335093134414535,13283.00909002742
36.33607525886703,13275.538417855925
36.34240411062327,13259.405809189619
36.343773386257304,13243.608395219702
36.34433578186076,13237.905235835722
36.348400606400766,13235.248608501337
36.3504689713509,13222.350132938154
36.35401091104649,13220.220069774825
36.35690604226104,13212.834830160049
36.3571932334992,13201.015240053046
36.36907432264575,13165.591429002563
36.369601106471485,13158.812598774724
36.37506087378725,13150.38965000166
36.3759751512667,13141.161487281375
36.38504811692305,13121.5930069782
36.39565424001868,13083.387040993844
36.39852356947581,13074.039300732251
36.40655051847401,13042.242499675338
36.40777120640146,13023.19338948535
36.42106226741956,13000.138528178972
36.423456375639205,12995.906696196678
36.42366953615376,12988.198165288668
36.4268233296692,12983.295977533699
36.43331527800494,12962.350700827481
36.43530140412475,12953.079046146722
36.43752184881891,12936.165060663327
36.44465906593325,12925.629637191292
36.44751870575928,12901.68870922627
36.45153878390781,12901.661324064242
36.452764310351895,12885.880770846199
36.45649315204298,12883.888006706638
36.45793097037507,12875.077018697326
36.460099028217414,12854.698218308797
36.464311389831764,12852.49136521554
36.468979895246015,12843.074137700378
36.47334504983517,12824.298653939511
36.475725575956695,12810.926530051964
36.48114981379507,12799.878894444282
36.48802595281535,12780.665370675748
36.48870415170934,12779.730619084497
36.4923848371473,12752.975114190083
36.49515940594647,12747.995788049997
36.49743528426333,12745.860249200654
36.50549629264188,12712.673603119752
36.50833271029181,12707.755305911378
36.50877251585886,12686.878258489774
36.5157848885476,12685.746124445644
36.516771667590675,12679.213775855327
36.51859445016695,12671.642767845447
36.52110014221967,12664.03209901055
36.52161011157579,12643.224159133362
36.524929023959615,12639.597081061374
36.525573964157445,12638.09425764779
36.53198099059786,12635.09295750027
36.53337184533232,12630.283960299108
36.537893428930154,12614.236141250245
36.53830181225239,12607.910286263252
36.54233861092524,12599.925750231827
36.548822173139946,12569.285529055083
36.55058298428525,12567.70837397362
36.55337685544941,12561.612504743185
36.555205086065904,12556.595952096748
36.55599258982461,12553.927956384474
36.56522312548317,12519.585085591236
36.574547824669715,12489.919683477598
36.57510437745348,12486.884263845668
36.577611750740225,12478.767105822788
36.578628265405705,12476.380204107545
36.58096952152864,12467.95561429117
36.58325893749647,12446.53136511441
36.58878019912642,12441.72453759265
36.59295378579521,12428.077624349386
36.60138725505991,12398.671892188324
36.6095897814163,12333.854212423339
36.6201329986546,12322.972128696429
36.627455137884866,12291.138298843256
36.6344066271367,12285.533548300371
36.63928280291752,12259.44577601885
36.648190929356886,12234.846085273912
36.65242899142443,12222.691992927732
36.65279223125348,12218.03803022788
36.654022787679054,12217.486354294668
36.65539378344325,12212.754314864856
36.65935477210488,12195.995174102525
36.66222581824643,12185.32639345658
36.66708851155669,12166.887722097757
36.67030406923782,12160.838712308994
36.67113331254005,12131.712952912621
36.68196673120135,12120.134902206528
36.688910659590846,12095.288738496189
36.69085626965409,12078.335674440557
36.695729958492535,12067.717648047574
36.69889587040871,12059.60120236534
36.69936948554828,12058.839092122764
36.70474870460142,12035.459342443633
36.706650267716036,12033.022103887522
36.707833536821056,12027.20383482635
36.709296871061596,12015.1917246145
36.71295014652053,12010.926136524135
36.72187028333275,11948.047782052054
36.73071964106699,11940.23560168173
36.734289868744376,11932.37517579959
36.73731671663444,11923.16983402147
36.74397046107191,11901.3907206711
36.74407972463578,11894.228429406156
36.74450989730693,11893.759301919967
36.75125132498274,11867.017585546533
36.75227598171924,11863.06504377237
36.75677593211209,11846.690669917514
36.76015943920854,11843.724801458024
36.760197993611335,11836.071599326864
36.76551590084164,11815.754530996399
36.766894394024106,11786.474282826812
36.77206971866129,11779.513453430436
36.77432939823256,11773.228250757911
36.782347648626676,11760.862172552337
36.7842239491405,11733.633239209148
36.79078522681655,11733.03873100721
36.79269269934977,11691.511483549524
36.80585325433126,11679.245587452537
36.80588071398546,11675.306822234992
36.80809536529499,11669.837864756008
36.816164290619646,11636.905043084595
36.81819817343864,11634.688292583463
36.8223758673023,11612.59680635149
36.82580574680567,11605.559096854202
36.82846407496569,11596.58214033261
36.828680109637425,11596.223214203741
36.829673278415214,11592.777844276716
36.83204100932793,11584.244362232257
36.83263196483226,11579.311836694262
36.83939423682393,11556.63558522498
36.84379048782298,11538.429796919512
36.846334056719265,11525.582527467312
36.84918604073917,11521.167037397867
36.851612860144726,11511.716959322825
36.85510691200979,11496.070522911794
36.86133198785966,11472.73686434001
36.864826299370826,11456.972785418078
36.87356620329332,11431.29025597132
36.877270799294116,11415.261495701478
36.87803485271139,11414.96601854901
36.882415357491425,11396.246591909805
36.883087390978666,11392.25221280387
36.88717544656231,11364.45338402763
36.894997634935045,11352.463413454632
36.90311014582274,11322.28196494551
36.91060169635926,11290.871080904344
36.91104258903266,11276.930304364234
36.91357367486784,11272.817751141809
36.91722478729123,11265.648335115731
36.91888647528773,11259.774143668234
36.91990221302079,11255.913571071582
36.92855186356188,11227.408498802273
36.933180755676105,11210.029806158236
36.93470734865395,11204.341887379795
36.93729630272689,11183.230715189366
36.94374734718128,11163.844868840435
36.94539919508863,11160.695656676984
36.95105195306566,11140.888336689108
36.9517451942621,11137.547417057453
36.95509771054911,11116.161238396582
36.9596802371381,11106.101293967782
36.95973741773847,11101.118404408158
36.961223512694744,11095.752115960593
36.96325244573831,11094.586140170752
36.96832572578963,11077.198167378425
36.97871101909699,11036.247018358537
36.97933652904709,11027.569270213085
36.98137282597485,11027.045278458407
36.98184632438406,11022.164755648411
36.98381516635952,11011.732868086076
36.990808607027915,10989.073267842403
36.99415595233643,10977.914300044253
37.00338793487055,10941.063313423523
37.00794478851547,10921.42662205952
37.00832932970848,10915.530106079512
37.01160976368257,10911.62881578143
37.013348800164096,10899.79825168039
37.017851116468044,10887.78238269772
37.02044508287606,10877.432937364267
37.0250701025896,10855.894688232784
37.026748167198086,10853.395384788051
37.02984918144485,10840.653648233852
37.030019484838164,10838.363069664005
37.0359282896246,10803.787697670825
37.04022816066662,10782.457472238475
37.04947031903619,10764.631965040197
37.05084828470286,10758.908397403853
37.053812016926095,10736.842638617505
37.05916359329587,10725.999673170398
37.06435648667954,10699.893755888026
37.06773170067517,10693.740535915591
37.06867879087202,10689.245581037556
37.07315514631727,10669.667038813177
37.07619738627891,10659.578499054795
37.07678729507678,10656.554711184115
37.07740260674127,10647.247778141162
37.08735705252746,10576.926323798269
37.093078223701674,10573.374715020454
37.10081694888203,10563.213780327216
37.10241784896595,10552.388110961772
37.110932146005794,10518.137445637745
37.115404889439546,10498.992844763969
37.12066146185254,10482.149103848273
37.1244996314349,10461.55172470634
37.126209351257636,10455.3880985494
37.12622402461921,10454.249561153261
37.13854198121555,10403.156119342519
37.14069992880507,10394.449953277737
37.148420940567114,10359.498910022628
37.155746246738595,10331.067317142539
37.15720000094528,10302.704006805396
37.1681475776467,10287.714268739619
37.16897460206461,10273.760693206508
37.17534697347409,10248.460792981525
37.17851048135009,10241.446641402661
37.18120103218807,10239.81826776146
37.189533787127814,10188.110978974097
37.190884460551956,10187.785745757757
37.192494233734166,10183.397799226055
37.195117673721015,10179.718754037074
37.19653738452726,10176.835044864767
37.201337583105826,10157.366253063807
37.20178475328195,10154.81271473328
37.205520498886024,10137.460516091602
37.20643117300483,10136.2963848087
37.20837645732843,10124.700083950844
37.211927174233374,10113.4600295991
37.212323369054126,10111.890126082204
37.21749282206891,10081.818938140657
37.22230325277305,10069.242641987727
37.22405452846511,10063.68335757033
37.225387298510846,10056.688254546929
37.22823043824282,10045.854290349114
37.23227427937745,10029.613039515265
37.2409943736837,9991.388999019855
37.24413360044742,9979.93713827482
37.2475305630517,9965.847508224433
37.25122550269557,9934.424776972792
37.25441223432993,9931.206851567016
37.25657495695353,9912.63779328002
37.26035603424021,9889.895858035849
37.264185714807866,9886.268042070405
37.26899024175344,9871.367110711482
37.2704356788396,9864.028519153533
37.27220624450379,9861.22016389366
37.27248487572969,9858.782065211364
37.27446089537543,9840.918441708456
37.279560282729754,9829.68973449077
37.281106077255345,9820.558302232796
37.28233676649456,9810.755284151026
37.29149149207544,9779.158246148385
37.29752207348918,9752.794310262307
37.29753350773369,9749.885340245695
37.303559299601254,9728.644296734257
37.303817708023466,9726.347788453622
37.3107267358545,9698.288090307165
37.31290488232295,9688.889561643036
37.31860462401792,9646.080723909043
37.329116089561815,9616.153741126926
37.33614623334362,9574.849147492938
37.35331871894552,9513.97167579338
37.3540500794767,9501.595986830303
37.35766644869247,9494.906493961695
37.35892428571798,9485.994503194288
37.35970513550447,9485.48522309505
37.36339857553065,9446.133003417805
37.36891548933574,9445.606665995805
37.373954190644646,9419.84914645106
37.378771397279095,9395.256994300586
37.38785833337444,9361.459802802083
37.39055858336828,9338.480652751166
37.39483249506855,9330.888084921875
37.39796114232506,9316.004018101168
37.3988815893645,9309.857642113746
37.4037901829672,9277.547583718648
37.406778625965146,9254.105236786741
37.41141020771594,9248.881003396014
37.41358132196609,9247.272069819068
37.41629621379081,9232.936420543427
37.41821451041736,9226.400492784447
37.420608393108374,9215.588577120565
37.42118863080488,9204.471104205777
37.42386468471499,9197.965436702594
37.42896800979918,9160.892124499176
37.43344796345624,9157.08490884365
37.4373442777977,9136.627248433451
37.43968678785517,9124.157277147124
37.442807733611374,9114.360992137847
37.4442185607233,9109.035384534354
37.44434567794561,9103.506444005305
37.44994601155469,9081.905605663726
37.45036417603116,9061.31048066678
37.45100033979997,9033.683751572034
37.46016110669477,9032.297093429826
37.46710728250368,9004.101331619826
37.471201329324394,8977.937971992851
37.472738131321,8977.306355984472
37.47430579566343,8970.53075406581
37.47478863003518,8968.436530383904
37.47709455264108,8939.458524850916
37.48083799707418,8930.151888606984
37.485086807575414,8920.105953979331
37.48565564832864,8918.813601689926
37.486464054150716,8884.692246937317
37.49071196915187,8871.681464899186
37.49135100579357,8870.692425544543
37.49423785297271,8852.78746128274
37.49834286632352,8846.145614162695
37.50820564429663,8804.821544686949
37.511603188539496,8792.048671359813
37.52488074995349,8735.14801871838
37.52812447357195,8709.972307161335
37.53315637792742,8682.939717617519
37.53336219036535,8682.500465646322
37.53784608246152,8673.516625021917
37.540188436499164,8661.942358644288
37.540768943947306,8653.812457309308
37.54185921476786,8653.28639249135
37.54826761457933,8622.3695799719
37.54939113142686,8588.577476577466
37.55695509147196,8579.439613623696
37.55752327043514,8578.00290716576
37.56281405577815,8554.159107073476
37.5716405714242,8510.753923060334
37.57992795599664,8467.521247625193
37.59004250714444,8420.60022065971
37.590754612574656,8413.810365929776
37.592423013810404,8406.192930442008
37.59292056416924,8395.512467226663
37.5986119897038,8374.58774753733
37.59928018413364,8352.986789175293
37.599972017845886,8342.752982708747
37.600354480645656,8323.739682053414
37.609795324050545,8310.472395406321
37.61230920421148,8308.506292066513
37.61312320425782,8297.61288043421
37.61877903857575,8279.835210607933
37.62141437308806,8238.256938997281
37.62757979231818,8236.452310825242
37.62962132303305,8226.014824674821
37.63020407667733,8187.331332366064
37.64027312033962,8157.274516762232
37.650049548710975,8105.235779559156
37.660910096486845,8067.245399188261
37.666171159007654,8035.843981474135
37.67103160603133,8014.48515823558
37.676570103855035,7978.156704253125
37.678481502198515,7933.346690706008
37.680540817100436,7930.1336653782755
37.68815099820807,7918.563965790878
37.68835110580035,7878.129518212044
37.700993550907285,7859.902679746181
37.70436057351617,7841.95840487801
37.71485255808389,7781.231400449169
37.71686921878582,7774.362868181065
37.7183031283957,7770.455909914368
37.72830817504597,7709.432741147324
37.73216243777505,7697.4154773449
37.73256049629589,7692.3111505055895
37.73563546171657,7674.715248656642
37.738216089354026,7661.8900199667905
37.749350490839284,7603.425191621504
37.75604148108626,7569.172106347872
37.75982346957093,7538.067467255833
37.76347724057603,7528.744255823743
37.7708176178345,7489.234531040577
37.77805345714234,7445.014016490432
37.780175418533105,7435.214428540257
37.78101600417272,7414.646418852592
37.785460488341414,7408.927261857238
37.78683770760944,7401.158732683906
37.795177429995185,7351.358417593413
37.79862854401442,7294.913817821447
37.809432653769974,7248.204537444261
37.815326374462714,7214.592671888288
37.81696299955243,7201.6349840794755
37.821536159090535,7164.135424202115
37.83022027338361,7157.801526364704
37.838353729363405,7073.0956757450085
37.84592870501305,7067.80717872862
37.846431128364024,7048.7712628139625
37.8503505876645,7040.78355659455
37.850726833676376,7036.293409322943
37.85551137718268,6993.476875536781
37.856214643651334,6972.597877121661
37.8634287656635,6956.177267363689
37.864399344060864,6944.728538747048
37.869197234124826,6903.089493874666
37.87440501411202,6901.7317359345425
37.87634948374005,6890.131425690542
37.879858301791074,6867.495085088725
37.8833087577702,6825.94727234567
37.88602114983755,6816.731060637822
37.89695646507535,6754.237345551515
37.897062626538556,6746.866051270599
37.90466309038709,6710.9333179666555
37.90814192872652,6699.829211883561
37.91121777770086,6678.95837182434
37.91791394886559,6639.338909504526
37.92074378530686,6614.949081439579
37.92903426042626,6568.300139018897
37.93053136674715,6538.991907745189
37.937630213226775,6518.182249382361
37.942157666562025,6485.267693711375
37.94236141288676,6429.147534505454
37.95182981382229,6426.8612380672585
37.952205817492285,6402.001878940226
37.955913589119014,6394.480070000476
37.965355906272066,6335.2227180916725
37.96663766475767,6328.425572097063
37.971072314288165,6304.486878366009
37.9745783887795,6278.423991814442
37.976283974952594,6250.393372426828
37.97871482444421,6203.671062757396
37.99683691785863,6136.5645830644935
38.010646086461556,6047.195491856294
38.02228100952652,5968.964207240938
38.02449447037815,5910.044215551696
38.031761530402825,5873.087214565457
38.034216288832845,5863.48312906028
38.03877773435482,5850.789478911642
38.046513373475705,5793.013500351333
38.05047579877673,5771.675704701951
38.054023135360524,5735.18059310359
38.05746194455674,5711.232866689067
38.0576731743211,5693.224888819049
38.05899084486114,5684.7735799841175
38.06624744821548,5617.971417044671
38.07303545352601,5607.172142904881
38.0765454236588,5568.0630464984315
38.076878536506776,5565.981996506967
38.081553260684885,5552.780464556505
38.086626500896365,5495.944878671304
38.090737155528814,5484.628395425001
38.092805965289,5470.726847982034
38.09363306797257,5425.43549712193
38.100607618781886,5399.066481614054
38.10769427835045,5355.023435492474
38.11486305395188,5302.130150634163
38.11616938312888,5285.475645493778
38.12031984355541,5248.157076688031
38.12375050602089,5198.390150639321
38.13086149513258,5168.460473965476
38.13759292153328,5129.41205709624
38.145822008143085,5047.538235337358
38.14924326853276,5038.045766543612
38.15363637837847,5000.35669277988
38.16623101036757,4897.644089727887
38.16650097326573,4879.9348430570335
38.17125482041095,4859.038045661558
38.1759313301658,4808.721236435505
38.177190438710134,4783.715272249673
38.18013576201864,4771.447071616475
38.183890034475375,4744.900435695188
38.18959314854642,4654.947613767829
38.19081914526045,4625.02577451731
38.19706200459758,4594.927860254035
38.20628239630376,4558.778851682753
38.21035664092706,4524.2908923733385
38.213787971315476,4487.584768565835
38.22216154297761,4414.90877982359
38.22312131029255,4340.474886578903
38.22797572124994,4333.128422732701
38.23208305005338,4298.284160263146
38.236802388091284,4279.906772395747
38.23970478059958,4251.77654749553
38.24107787340117,4232.874693937383
38.24147326917698,4171.517660548689
38.24835224466209,4140.304653225422
38.25106696506575,4115.812602169706
38.27193422381202,3900.1522598951965
38.272168106026776,3828.292860549896
38.283240331548335,3763.0221194166757
38.2893480884698,3697.99767142608
38.297828859361665,3662.418226404334
38.30673469280824,3525.1696885448887
38.31081062778831,3519.7172293707895
38.3117683205041,3509.8690623139555
38.31344453289276,3464.836603591027
38.32327360299468,3381.3884488935846
38.324927211748516,3344.9564264935534
38.32860935154769,3308.6132775294536
38.337435706061626,3209.2826424517966
38.337784062823296,3137.5058762410936
38.339287065197944,3128.439419833921
38.34555305528019,3070.084804347864
38.35089063949032,2998.884712755224
38.35403356664852,2978.0541454185254
38.36816322227203,2774.9508024126694
38.370510541947965,2767.278587310403
38.37102677185508,2754.8816040214047
38.3735277064403,2708.2227166816824
38.37788027475392,2651.3656718022035
38.37927233087131,2615.5834387927202
38.38166168753147,2570.0850917971643
38.384160975856034,2532.565653261224
38.38430321658772,2480.898569813439
38.39576449552894,2374.8885399888063
38.39942086601744,2314.702820433057
38.399450853631976,2297.1637409289838
38.39961819827414,2280.208585579656
38.403240942743345,2248.689836263869
38.40392781798306,2235.495834765465
38.40490096272377,2219.3447070386155
38.40509174253419,2187.9901837477923
38.406460685387074,2187.8412874134065
38.40788279145998,2162.259320445953
38.408259498463416,2158.812666011859
38.408849715538075,2131.2449164245227
38.41113322069268,2105.487775739794
38.4116379640509,2095.1085845298735
38.41238753004295,2083.2591106049954
38.41311632168355,2047.3048972607182
38.41462330725046,2027.9024407919317
38.419102352315406,1946.3615467581367
38.41971436790567,1936.3931447091352
38.42157998877928,1871.937555408276
38.42229677495513,1867.125801602964
38.42294380346347,1834.5422209482974
38.42406737433397,1804.8082254696326
38.42471333727678,1782.7660061248303
38.42599127330081,1776.8454078670934
38.427766985590175,1760.1136550337521
38.42955143330541,1723.6344454475477
38.42959282750114,1719.1600200163218
38.430564137204236,1700.828615789669
38.43061389763418,1695.9585989578634
38.43086896504824,1693.0319782040508
38.43109574799527,1683.3936184750323
38.43158501999553,1677.1185160965554
38.43251356607108,1654.9557817780274
38.43438431815612,1608.6368367483337
38.43460413307605,1603.119330597685
